username,X2021.08.24,X2021.08.25,X2021.08.26,X2021.08.27,X2021.08.28,X2021.08.29,X2021.08.30,X2021.08.31,X2021.09.01,X2021.09.02,X2021.09.03,X2021.09.04,X2021.09.05,X2021.09.06,X2021.09.07,X2021.09.08,X2021.09.09,X2021.09.10,X2021.09.11,X2021.09.12,X2021.09.13,X2021.09.14,X2021.09.15,X2021.09.16,X2021.09.17,X2021.09.18,X2021.09.19,X2021.09.20,X2021.09.21,X2021.09.22,X2021.09.23,X2021.09.24,X2021.09.25,X2021.09.26,X2021.09.27,X2021.09.28,X2021.09.29,X2021.09.30,X2021.10.01,X2021.10.02,X2021.10.03,X2021.10.04,X2021.10.05,X2021.10.06,X2021.10.07,X2021.10.08,X2021.10.09,X2021.10.10,X2021.10.11,X2021.10.12,X2021.10.13,X2021.10.14,X2021.10.15,X2021.10.16,X2021.10.17,X2021.10.18,X2021.10.19,X2021.10.20,X2021.10.21,X2021.10.22,X2021.10.23,X2021.10.24,X2021.10.25,X2021.10.26,X2021.10.27,X2021.10.28,X2021.10.29,X2021.10.30,X2021.10.31,X2021.11.01,X2021.11.02,X2021.11.03,X2021.11.04,X2021.11.05,X2021.11.06,X2021.11.07,X2021.11.08,X2021.11.09,X2021.11.10,X2021.11.11,X2021.11.12,X2021.11.13,X2021.11.14,X2021.11.15,X2021.11.16,X2021.11.17,X2021.11.18,X2021.11.19,X2021.11.20,X2021.11.21,X2021.11.22,X2021.11.23,X2021.11.24,X2021.11.25,X2021.11.26,X2021.11.27,X2021.11.28,X2021.11.29,X2021.11.30,X2021.12.01,X2021.12.02,X2021.12.03,X2021.12.04,X2021.12.05,X2021.12.06,X2021.12.07,X2021.12.08,X2021.12.09,X2021.12.10,X2021.12.11,X2021.12.12,X2021.12.13,X2021.12.14,X2021.12.15,X2021.12.16,X2021.12.17,X2021.12.18,X2021.12.19,X2021.12.20,X2021.12.21,X2021.12.22,X2021.12.23,X2021.12.24,X2021.12.25,X2021.12.26,X2021.12.27,X2021.12.28,X2021.12.29,X2021.12.30,X2021.12.31,X2022.01.01,X2022.01.02,X2022.01.03,X2022.01.04,X2022.01.05,X2022.01.06,X2022.01.07,X2022.01.08,X2022.01.09,X2022.01.10,X2022.01.11,X2022.01.12,X2022.01.13,X2022.01.14,X2022.01.15,X2022.01.16,X2022.01.17,X2022.01.18,X2022.01.19,X2022.01.20,X2022.01.21,X2022.01.22,X2022.01.23,X2022.01.24,X2022.01.25,X2022.01.26,X2022.01.27,X2022.01.28,X2022.01.29,X2022.01.30,X2022.01.31,X2022.02.01,X2022.02.02,X2022.02.03,X2022.02.04,X2022.02.05,X2022.02.06,X2022.02.07,X2022.02.08,X2022.02.09,X2022.02.10,X2022.02.11,X2022.02.12,X2022.02.13,X2022.02.14,X2022.02.15,X2022.02.16,X2022.02.17,X2022.02.18,X2022.02.19,X2022.02.20,X2022.02.21,X2022.02.22,X2022.02.23,X2022.02.24,X2022.02.25,X2022.02.26,X2022.02.27,X2022.02.28,X2022.03.01,X2022.03.02,X2022.03.03,X2022.03.04,X2022.03.05,X2022.03.06,X2022.03.07,X2022.03.08,X2022.03.09,X2022.03.10,X2022.03.11,X2022.03.12,X2022.03.13,X2022.03.14,X2022.03.15,X2022.03.16,X2022.03.17,X2022.03.18,X2022.03.19,X2022.03.20,X2022.03.21,X2022.03.22,X2022.03.23,X2022.03.24,X2022.03.25,X2022.03.26,X2022.03.27,X2022.03.28,X2022.03.29,X2022.03.30,X2022.03.31,X2022.04.01,X2022.04.02,X2022.04.03,X2022.04.04,X2022.04.05,X1.1.Basics.Exercises.1.1.3,X1.2.Colors.Exercises.1.2.2,X1.2.Colors.Exercises.1.2.4,X1.2.Colors.Exercises.1.2.6,X1.3.Shapes.Exercises.1.3.2,X1.3.Shapes.Exercises.1.3.4,X1.3.Shapes.Exercises.1.3.6,X1.3.Shapes.Exercises.1.3.8,Unit.1.Exercises,Unit.1.Challenge.Exercises,X1.6.Unit.1.Creative.Tasks.Unit.1.Creative.Tasks.1.6.2,Quizzes.Unit.1.Practice.Quiz.1.8,Quizzes.Unit.1.Quiz.1.9,X2.1.Functions.Exercises.2.1.3,X2.1.Functions.Exercises.2.1.5,X2.2.Mouse.Events.Exercises.2.2.3,X2.2.Mouse.Events.Exercises.2.2.6,X2.3.Properties.Exercises.2.3.3,X2.3.Properties.Exercises.2.3.4,Unit.2.Exercises,Unit.2.Creative.Tasks,Quizzes.Unit.2.Practice.Quiz.2.7,Quizzes.Unit.2.Quiz.2.8,X3.1.Mouse.Motion.Events.Exercises.3.1.2,X3.2.Conditionals..if.Statements..Exercises.3.2.2,X3.2.Conditionals..if.Statements..Exercises.3.2.4,X3.3.Helper.Functions.Exercises.3.3.2,Unit.3.Exercises,X3.5.Unit.3.Creative.Tasks.Unit.3.Creative.Tasks.3.5.2,Quizzes.Unit.3.Practice.Quiz.3.7,Quizzes.Unit.3.Quiz.3.8,X4.1.More.Conditionals..if.elif.else.Statements..Exercises.4.1.2,X4.2.Key.Events.Exercises.4.2.2,X4.3.Methods.Exercises.4.3.3,X4.3.Methods.Exercises.4.3.5,Unit.4.Exercises,Unit.4.Creative.Tasks,Quizzes.Unit.4.Practice.Quiz.4.7,Quizzes.Unit.4.Quiz.4.8,X5.1.Complex.Conditionals.Exercises.5.1.3,X5.2.More.Key.Events.Exercises.5.2.2,Unit.5.Exercises,Unit.5.Creative.Tasks,Quizzes.Unit.5.Practice.Quiz.5.6,Quizzes.Unit.5.Quiz.5.7,X6.1.Groups.Exercises.6.1.3,X6.2.Group.Methods.Exercises.6.2.2,X6.3.Step.Events.and.Motion.Exercises.6.3.3,X6.3.Step.Events.and.Motion.Exercises.6.3.5,Unit.6.Exercises,Unit.6.Creative.Tasks.and.Semester.Project,Quizzes.Unit.6.Practice.Quiz.6.7,Quizzes.Unit.6.Quiz.6.8,X7.1.New.Shapes.Exercises.7.1.2,X7.2.Local.Variables.Exercises.7.2.2,X7.3.For.Loops.Exercises.7.3.2,X7.3.For.Loops.Exercises.7.3.4,Unit.7.Exercises,Unit.7.Challenge.Exercises,Unit.7.Creative.Tasks,Quizzes.Unit.7.Practice.Quiz.7.8,Quizzes.Unit.7.Quiz.7.9,X8.1.Math.Functions.Exercises.8.1.2,X8.1.Math.Functions.Exercises.8.1.4,X8.2.Random.Values.Exercises.8.2.2,X8.3.Nested.For.Loops.Exercises.8.3.2,X8.3.Nested.For.Loops.Exercises.8.3.4,Unit.8.Exercises,Unit.8.Creative.Tasks,Quizzes.Unit.8.Practice.Quiz.8.7,Quizzes.Unit.8.Quiz.8.8,X9.1.Types.and.Input.Exercises.9.1.3,X9.2.Strings.Exercises.9.2.2,X9.3.String.Methods.Exercises.9.3.2,X9.4.While.Loops.Exercises.9.4.2,Unit.9.Exercises,Unit.9.Creative.Tasks,Quizzes.Unit.9.Practice.Quiz.9.8,Quizzes.Unit.9.Quiz.9.9,X10.1.Lists.Exercises.10.1.2,X10.2.List.methods.Exercises.10.2.2,X10.3.Return.values.Exercises.10.3.2,X10.3.Return.values.Exercises.10.3.4,Unit.10.Exercises,Unit.10.Creative.Tasks,Quizzes.Unit.10.Practice.Quiz.10.7,Quizzes.Unit.10.Quiz.10.8,X11.1.2D.Lists.Exercises.11.1.3,X11.2.Board.Games.Tic.Tac.Toe.11.2.2,X11.2.Board.Games.Battleship.11.2.3,X11.2.Board.Games.2048.11.2.4,Quizzes.Unit.11.Practice.Quiz.11.4,Quizzes.Unit.11.Quiz.11.5,X12.1.Final.Project.Exercises.12.1.4,Getting.Started,Position.and.Size,Draw.two.rectangles,Draw.three.rectangles,Serious.Face,Pickaxe,Cat.face,Fills.and.Borders,Flag.of.Mali,Fix.the.flag.of.Chad,Flag.of.Ireland,Flag.of.Sweden,Colors.and.Gradients,Hazy.sun,Diamond.pickaxe,Nine.gradients,Orange.juice,Opacity,Glasses,Opaque.frame,Stained.glass.window,Rectangles..Ovals..Circles..and.Lines,Rainbow.,Fix.the.Soccer.field,Sunny.road,Midnight.sky,Cube,Labels,Target,Nametag,Stick.person.comic,Regular.Polygons.and.Stars,Flag.of.Aruba,Captain.America,Regular.polygons,Stars,Polygons,Scotty.dog,Monarch,Diamond,London.and.Chicago,Flag.of.Antigua.and.Barbuda,Poggendorf.illusion,Flag.of.Rwanda,Logos,Sailboat,Jellyfish,A.new.perspective,Android,Mickey,Owl,Lighthouse,Mike.Wazowski,Sunset,Painters,Snowflake,Aurora.Borealis,Intro.to.Creative.Tasks,Giraffe,Lantern,Saloon,Creative.task.1,Creative.task.2,Creative.task.3,Creative.task.4,Creative.task.5,Collaborative.task,Unit.1.Review,Unit.1.Practice.Quiz,Unit.1.Quiz,Function.Basics,Running..Testing..and.Autograding.Functions,Two.hexagons,Draw.flower,Bunny.with.a.spot,Minion,Multiple.Parameters,Scoreboard,Colorful.nametag,Three.stripe.flag,Splash,Bee.and.flower,Butterfly,Mouse.Press.Events,Using.and.Debugging.Events,Pushpins,Flower.vase,Shiny.lines,Plaid.maker,Cross.stitch,Octahedron,Variables,Mouse.Release.Events,Eat.the.cookie,Ice.cream,Sun.and.moon,The.bat.cave,Popping.balloons,General.Shape.Properties,Shape.Specific.Properties,Talking,Camera,Inchworm,Cookie.clicker,Scotty.dog.1,Toilet.paper,Alien.eyes,Rocket.ship,Forest.maker,Spiderman.or.Venom,Honey.jar,Lightning,Blinds,Drum.set,Hungry.panda,Pokey,Bouncing.ball,Rowboat,Dragon,Creative.task.1.1,Creative.task.2.1,Creative.task.3.1,Creative.task.4.1,Creative.task.5.1,Collaborative.task.1,Unit.2.Review,Unit.2.Practice.Quiz,Unit.2.Quiz,onMouseMove.and.onMouseDrag,Swing.set,Controlling.ovals,File.select,Mirror.mouse,Fruit.ninja,Cat.petting,if.Statements,Sun.and.Moon,Puffy.Penguin,Melting.ice,Feed.the.kitty,Using.if.else.and.multiple.if.s,Firework,Scoreboard.1,Galaxy,Seesaw,Flashlight,Helper.Functions,Skyline.reflection,Footsteps,Flower.collection,Chick,Pacman.ghosts,Cursor.duplication,Flowers.and.clouds,Jack.o.Lantern,Monument,Up,Hedgehog,Owl.eyes,Castle,Handling.Lots.of.Shapes,Ferris.wheel,UFO.chase,Creative.task.1.2,Creative.task.2.2,Creative.task.3.2,Creative.task.4.2,Creative.task.5.2,Collaborative.task.2,Unit.3.Review,Unit.3.Practice.Quiz,Unit.3.Quiz,if.elif.else.Statements,Chameleon,Volume.bars,Spongebob,Apple.tree,Cell.reception,Road.trip,onKeyPress.and.onKeyRelease,Flapping.wings,Dancing.stick.figure,Essay.writer,Caption.the.worm,Tug.of.war,Solar.eclipse,Custom.Properties,Shape.Methods.1,City.skyline,Mirrored.polygons,Connect.the.dots,Shape.Methods.2,Seasonal.tree,Meteorite.display,Porcupine,Maze,Cactus.flowers,Watering.plants,Day.and.night,Darts,Pixel.art,Trippy.text,Rotating.stars,Volcano,Fishing,Etch.A.Sketch,Creative.task.1.3,Creative.task.2.3,Creative.task.3.3,Creative.task.4.3,Creative.task.5.3,Collaborative.task.3,Unit.4.Review,Unit.4.Practice.Quiz,Unit.4.Quiz,Compound.Conditionals,Nested.Conditionals,Shiny.lines.1,Faces,Moon.craters,Breakfast,Wheelbarrow,Rock.paper.scissors,onKeyHold,Anthill,Strobing.circles,Bubble.pop,Star.expansion,Empire.state.building,Dot.race,Cocoa,Rotating.Star,Surprised.Face,Fireworks.,Jabber.jaws,Biking,Underwater.Tag,Red.light..green.light,Flapping.bird,Takeoff,Creative.task.1.4,Creative.task.2.4,Creative.task.3.4,Creative.task.4.4,Creative.task.5.4,Collaborative.task.4,Unit.5.Review,Unit.5.Practice.Quiz,Unit.5.Quiz,Groups,Group.Properties,Pull.up.stick.person,Metamorphosis,Ghost.colors,Jack.in.the.box,Helicopter,Hungry.giraffe,Group.Methods,Paint.spill,Saloon.at.night,Hippo,The.maze,The.floor.is.lava,Step.Events,Motion,Sun.and.earth,Rainy.day,Floating.Flamingo,Special.Types.Of.Motion,DVD.screensaver,Continuous.cartwheels,Feeding.Fish,Boat.In.Ball.Pool,Triforce,Up.1,Weight.lifting.stick.person,DDR.Lite,Bumper.cars,Pulse,Rotating.tardis,Beach.ball,Tron,Beach,Airhockey,Creative.task.1.5,Creative.task.2.5,Creative.task.3.5,Creative.task.4.5,Semester.Project,Collaborative.task.5,Unit.6.Review,Unit.6.Practice.Quiz,Unit.6.Quiz,Arcs.and.Arrows,Pacman,Firefly,Bow.and.arrow,Fire.alarm,Man.and.pizza,Local.Variables,Fading.background,Colorful.targets,Jellyfish.or.squid,Punching.bag,For.Loops,Puffy.magician,Supernovas,The.green.duck,Highway,Indoor.rainy.day,Looping.Through.Groups,Growing.stars,Dancing.stick.people,Snowy.night,Patterned.circles,Animated.pokey,Mansion,Christmas.tree,Twin.popsicles,Lava.lamp,Invaders.lite,Conveyor.belt,Bubbles,Spinning.arcs,Breakout,Gary.the.snail,Layered.cake,American.flag,Creative.task.1.6,Creative.task.2.6,Creative.task.3.6,Creative.task.4.6,Creative.task.5.5,Collaborative.task.6,Unit.7.Review,Unit.7.Practice.Quiz,Unit.7.Quiz,More.Operators,Walk.on.the.beach,Tortoise.and.the.hare,Dory.and.Marlin,Expelliarmus,More.Math.Functions,Make.cones,Compass,Circle.writing,Flower.planting,Fancy.watch,Random.Values,Strange.machine,Ripples,Snowy.snowman,Barriers,Sunny.meadow,Tumbleweed,More.For.Loops,Rainbow.ripples,Shirt.design,Caterpillar,Nested.For.Loops,Sweeping.arcs,Parallel.Lines,Magnifying.glass,Lights,Bookshelf,Constellations,Spotlights,Snowfall,Tickle,Ferris.wheel.with.cabins,Eyes.following.dot,Polaroids,Arm,Goalie,Atom,Animal.pond,Lightning.1,Creative.task.1.7,Creative.task.2.7,Creative.task.3.7,Creative.task.4.7,Creative.task.5.6,Collaborative.task.7,Unit.8.Review,Unit.8.Practice.Quiz,Unit.8.Quiz,Types,Input,Treasure.hunt,Apple.addition,Bad.chatbot,Madlibs,Looping.and.Indexing.with.Strings,Monkey.Latin,Letter.grid,Chasing.letters,Peace.on.earth,Flying.letters,Guess.the.word,String.Methods,Find.the.letter,Caps.lock,Spongebob.meme,Character.rain,Gravity,While.Loops,Teleport.landing,Meteor.shower,Ship.scanner,Revolving.rects,Green.Lantern.logo,Minion.translator,Letter.art,Super.bubbles,Typewriter,Alphabet.soup,Trailing.words,Sheep.wool,Meteor.smash,Ghost.attack,Creative.task.1.8,Creative.task.2.8,Creative.task.3.8,Creative.task.4.8,Creative.task.5.7,Collaborative.task.8,Unit.9.Review,Unit.9.Practice.Quiz,Unit.9.Quiz,Lists,Colorful.circles,Fireworks.revisited,Is.for,Popcorn,Moving.rings,Grow.roses,List.methods,Reds,Random.sentence.generator,Reverse.sentence,Flashy,Whack.a.bug,Tree.creator,More.functions.that.return.values,Mosaic.maker,Snowing,Crazy.intersection,Bouncing.bubbles,Pacman.lite,Writing.functions.that.return.values,Fortune.teller,Crowd.noise,Cool.clock,Shape.invaders,Weather.app,Word.cloud,Wheel.of.fortune,Building.jumper,UFO,Undo.and.redo,Grocery.list,UFO.Drawing,Creative.task.1.9,Creative.task.2.9,Creative.task.3.9,Creative.task.4.9,Creative.task.5.8,Collaborative.task.9,Unit.10.Review,Unit.10.Practice.Quiz,Unit.10.Quiz,Creating.and.Using.2D.Lists,More.with.2D.Lists,Animate.polygons,Color.blocks,Essay.editor,Advanced.forest.maker,Lights.out,Writing.Board.Games,Tic.Tac.Toe.Demo,Tic.Tac.Toe.Part.1,Tic.Tac.Toe.Part.2,Tic.Tac.Toe.Part.3,Battleship.Demo,Battleship.Part.1,Battleship.Part.2,Battleship.Part.3,X2048.Demo,X2048.Part.1,X2048.Part.2,X2048.Part.3,X2048.Part.4,Unit.11.Review,Unit.11.Practice.Quiz,Unit.11.Quiz,Images,Sounds,Final.Project,Flip.book,Avalanche,Final.Project.1
instructor1,27,36,0,1,4,0,0,1,32,19,39,84,0,0,0,64,21,19,0,0,166,25,11,15,28,0,0,0,0,43,5,0,0,0,43,135,8,59,14,0,0,49,88,16,64,5,0,0,0,0,0,0,7,0,0,4,0,0,17,0,0,0,0,0,0,0,59,0,0,0,26,3,0,42,0,0,0,12,1,0,50,0,0,38,11,84,143,1,0,0,63,29,0,0,0,0,0,67,11,5,238,42,0,0,22,18,75,57,69,0,0,53,61,20,64,79,0,0,65,29,0,0,7,0,0,0,0,0,0,0,0,0,62,19,0,0,0,0,0,40,42,48,97,74,0,0,0,80,56,36,44,0,0,0,51,51,68,53,0,0,12,13,50,45,104,0,0,144,122,59,88,110,0,0,0,61,111,116,44,0,0,107,0,59,112,0,0,0,297,262,0,32,23,0,0,37,36,43,73,56,0,0,43,106,0,43,23,0,0,73,39,87,53,13,0,0,0,0,0,0,0,0,0,34,103,NA,NA,NA,NA,NA,NA,NA,NA,NA,NA,NA,NA,NA,NA,NA,NA,NA,NA,NA,NA,NA,NA,NA,NA,NA,NA,NA,NA,NA,NA,NA,NA,NA,NA,NA,NA,NA,NA,NA,NA,NA,NA,NA,NA,NA,NA,NA,NA,NA,NA,NA,NA,NA,NA,NA,NA,NA,NA,NA,NA,NA,NA,NA,NA,NA,NA,NA,NA,NA,NA,NA,NA,NA,NA,NA,NA,NA,NA,NA,NA,NA,NA,NA,NA,NA,NA,NA,NA,NA,NA,NA,NA,NA,NA,NA,NA,NA,NA,NA,NA,NA,NA,NA,NA,NA,NA,NA,NA,NA,NA,NA,NA,NA,NA,NA,NA,NA,NA,NA,NA,NA,NA,NA,NA,NA,NA,NA,NA,NA,NA,NA,NA,NA,NA,NA,NA,NA,NA,NA,NA,NA,NA,NA,NA,NA,NA,NA,NA,NA,NA,NA,NA,NA,NA,NA,NA,NA,NA,NA,NA,NA,NA,NA,NA,NA,NA,NA,NA,NA,NA,NA,NA,NA,NA,NA,NA,NA,NA,NA,NA,NA,NA,NA,NA,NA,NA,NA,NA,NA,NA,NA,NA,NA,NA,NA,NA,NA,NA,NA,NA,NA,NA,NA,NA,NA,NA,NA,NA,NA,NA,NA,NA,NA,NA,NA,NA,NA,NA,NA,NA,NA,NA,NA,NA,NA,NA,NA,NA,NA,NA,NA,NA,NA,NA,NA,NA,NA,NA,NA,NA,NA,NA,NA,NA,NA,NA,NA,NA,NA,NA,NA,NA,NA,NA,NA,NA,NA,NA,NA,NA,NA,NA,NA,NA,NA,NA,NA,NA,NA,NA,NA,NA,NA,NA,NA,NA,NA,NA,NA,NA,NA,NA,NA,NA,NA,NA,NA,NA,NA,NA,NA,NA,NA,NA,NA,NA,NA,NA,NA,NA,NA,NA,NA,NA,NA,NA,NA,NA,NA,NA,NA,NA,NA,NA,NA,NA,NA,NA,NA,NA,NA,NA,NA,NA,NA,NA,NA,NA,NA,NA,NA,NA,NA,NA,NA,NA,NA,NA,NA,NA,NA,NA,NA,NA,NA,NA,NA,NA,NA,NA,NA,NA,NA,NA,NA,NA,NA,NA,NA,NA,NA,NA,NA,NA,NA,NA,NA,NA,NA,NA,NA,NA,NA,NA,NA,NA,NA,NA,NA,NA,NA,NA,NA,NA,NA,NA,NA,NA,NA,NA,NA,NA,NA,NA,NA,NA,NA,NA,NA,NA,NA,NA,NA,NA,NA,NA,NA,NA,NA,NA,NA,NA,NA,NA,NA,NA,NA,NA,NA,NA,NA,NA,NA,NA,NA,NA,NA,NA,NA,NA,NA,NA,NA,NA,NA,NA,NA,NA,NA,NA,NA,NA,NA,NA,NA,NA,NA,NA,NA,NA,NA,NA,NA,NA,NA,NA,NA,NA,NA,NA,NA,NA,NA,NA,NA,NA,NA,NA,NA,NA,NA,NA,NA,NA,NA,NA,NA,NA,NA,NA,NA,NA,NA,NA,NA,NA,NA,NA,NA,NA,NA,NA,NA,NA,NA,NA,NA,NA,NA,NA,NA,NA,NA,NA,NA,NA,NA,NA,NA,NA,NA,NA,NA,NA,NA,NA,NA,NA,NA,NA,NA,NA,NA,NA,NA,NA,NA,NA,NA,NA,NA,NA,NA,NA,NA,NA,NA,NA,NA,NA,NA,NA,NA,NA,NA,NA,NA,NA,NA,NA,NA,NA,NA,NA,NA,NA,NA,NA,NA,NA,NA,NA,NA,NA,NA,NA,NA,NA,NA,NA,NA,NA,NA,NA,NA,NA,NA,NA,NA,NA,NA,NA,NA,NA,NA,NA,NA,NA,NA,NA,NA,NA,NA,NA,NA
instructor2,0,0,12,6,0,0,7,0,22,28,3,0,0,0,0,0,0,18,0,0,0,0,16,76,0,0,0,0,0,7,0,0,0,0,0,0,0,0,0,0,0,0,0,0,0,0,0,0,0,0,0,0,0,0,0,0,0,0,0,0,0,0,0,0,0,0,0,0,0,0,64,0,0,0,0,0,0,0,0,0,0,0,0,0,0,0,0,0,0,0,0,0,0,0,0,0,0,0,0,0,0,0,0,0,0,0,0,0,0,0,0,0,0,0,0,0,0,0,0,0,0,0,0,0,0,0,0,0,0,0,0,0,0,0,0,0,0,0,0,0,0,0,0,0,0,0,0,0,0,0,0,0,0,0,0,0,0,0,0,0,0,0,0,0,0,0,0,0,0,0,0,0,0,0,0,0,0,0,0,0,0,0,0,0,0,0,0,0,0,0,0,0,0,0,0,0,0,0,0,0,0,0,0,0,0,0,0,0,0,0,0,0,0,0,0,0,0,0,0,49,0,0,0,0,0,NA,NA,NA,NA,NA,NA,NA,NA,NA,NA,NA,NA,NA,NA,NA,NA,NA,NA,NA,NA,NA,NA,NA,NA,NA,NA,NA,NA,NA,NA,NA,NA,NA,NA,NA,NA,NA,NA,NA,NA,NA,NA,NA,NA,NA,NA,NA,NA,NA,NA,NA,NA,NA,NA,NA,NA,NA,NA,NA,NA,NA,NA,NA,NA,NA,NA,NA,NA,NA,NA,NA,NA,NA,NA,NA,NA,NA,NA,NA,NA,NA,NA,NA,NA,NA,NA,NA,NA,NA,NA,NA,NA,NA,NA,NA,NA,NA,NA,NA,NA,NA,NA,NA,NA,NA,NA,NA,NA,NA,NA,NA,NA,NA,NA,NA,NA,NA,NA,NA,NA,NA,NA,NA,NA,NA,NA,NA,NA,NA,NA,NA,NA,NA,NA,NA,NA,NA,NA,NA,NA,NA,NA,NA,NA,NA,NA,NA,NA,NA,NA,NA,NA,NA,NA,NA,NA,NA,NA,NA,NA,NA,NA,NA,NA,NA,NA,NA,NA,NA,NA,NA,NA,NA,NA,NA,NA,NA,NA,NA,NA,NA,NA,NA,NA,NA,NA,NA,NA,NA,NA,NA,NA,NA,NA,NA,NA,NA,NA,NA,NA,NA,NA,NA,NA,NA,NA,NA,NA,NA,NA,NA,NA,NA,NA,NA,NA,NA,NA,NA,NA,NA,NA,NA,NA,NA,NA,NA,NA,NA,NA,NA,NA,NA,NA,NA,NA,NA,NA,NA,NA,NA,NA,NA,NA,NA,NA,NA,NA,NA,NA,NA,NA,NA,NA,NA,NA,NA,NA,NA,NA,NA,NA,NA,NA,NA,NA,NA,NA,NA,NA,NA,NA,NA,NA,NA,NA,NA,NA,NA,NA,NA,NA,NA,NA,NA,NA,NA,NA,NA,NA,NA,NA,NA,NA,NA,NA,NA,NA,NA,NA,NA,NA,NA,NA,NA,NA,NA,NA,NA,NA,NA,NA,NA,NA,NA,NA,NA,NA,NA,NA,NA,NA,NA,NA,NA,NA,NA,NA,NA,NA,NA,NA,NA,NA,NA,NA,NA,NA,NA,NA,NA,NA,NA,NA,NA,NA,NA,NA,NA,NA,NA,NA,NA,NA,NA,NA,NA,NA,NA,NA,NA,NA,NA,NA,NA,NA,NA,NA,NA,NA,NA,NA,NA,NA,NA,NA,NA,NA,NA,NA,NA,NA,NA,NA,NA,NA,NA,NA,NA,NA,NA,NA,NA,NA,NA,NA,NA,NA,NA,NA,NA,NA,NA,NA,NA,NA,NA,NA,NA,NA,NA,NA,NA,NA,NA,NA,NA,NA,NA,NA,NA,NA,NA,NA,NA,NA,NA,NA,NA,NA,NA,NA,NA,NA,NA,NA,NA,NA,NA,NA,NA,NA,NA,NA,NA,NA,NA,NA,NA,NA,NA,NA,NA,NA,NA,NA,NA,NA,NA,NA,NA,NA,NA,NA,NA,NA,NA,NA,NA,NA,NA,NA,NA,NA,NA,NA,NA,NA,NA,NA,NA,NA,NA,NA,NA,NA,NA,NA,NA,NA,NA,NA,NA,NA,NA,NA,NA,NA,NA,NA,NA,NA,NA,NA,NA,NA,NA,NA,NA,NA,NA,NA,NA,NA,NA,NA,NA,NA,NA,NA,NA,NA,NA,NA,NA,NA,NA,NA,NA,NA,NA,NA,NA,NA,NA,NA,NA,NA,NA,NA,NA,NA,NA,NA,NA,NA,NA,NA,NA,NA,NA,NA,NA,NA,NA,NA,NA,NA,NA,NA,NA,NA,NA,NA,NA,NA,NA,NA,NA,NA,NA,NA,NA,NA,NA,NA,NA,NA,NA,NA,NA,NA,NA,NA,NA,NA,NA,NA,NA,NA,NA,NA,NA,NA,NA
instructor3,9,0,0,1,0,0,0,0,1,0,0,0,0,0,0,0,0,0,0,16,20,0,0,0,0,0,1,13,3,0,0,0,0,0,21,0,0,0,0,0,0,77,0,0,0,0,0,0,0,0,0,0,0,0,6,39,0,0,0,0,0,0,0,0,0,0,0,0,6,45,0,0,0,0,0,5,14,0,0,0,0,0,0,0,0,0,0,0,0,0,0,0,0,0,0,0,0,0,0,0,0,0,0,0,0,0,0,0,0,0,0,4,0,0,0,0,0,0,0,0,0,0,0,0,0,0,0,0,0,0,0,0,0,0,0,0,0,0,0,0,0,0,0,0,0,0,0,0,0,0,0,0,0,0,0,0,0,0,0,0,0,0,0,0,0,0,0,0,0,0,0,0,0,0,0,0,0,0,0,0,0,0,0,0,0,0,0,0,0,0,0,0,0,0,0,0,0,0,0,0,0,0,0,0,0,0,0,0,0,0,0,0,0,0,0,0,0,0,0,0,0,0,0,0,0,NA,NA,NA,NA,NA,NA,NA,NA,NA,NA,NA,NA,NA,NA,NA,NA,NA,NA,NA,NA,NA,NA,NA,NA,NA,NA,NA,NA,NA,NA,NA,NA,NA,NA,NA,NA,NA,NA,NA,NA,NA,NA,NA,NA,NA,NA,NA,NA,NA,NA,NA,NA,NA,NA,NA,NA,NA,NA,NA,NA,NA,NA,NA,NA,NA,NA,NA,NA,NA,NA,NA,NA,NA,NA,NA,NA,NA,NA,NA,NA,NA,NA,NA,NA,NA,NA,NA,NA,NA,NA,NA,NA,NA,NA,NA,NA,NA,NA,NA,NA,NA,NA,NA,NA,NA,NA,NA,NA,NA,NA,NA,NA,NA,NA,NA,NA,NA,NA,NA,NA,NA,NA,NA,NA,NA,NA,NA,NA,NA,NA,NA,NA,NA,NA,NA,NA,NA,NA,NA,NA,NA,NA,NA,NA,NA,NA,NA,NA,NA,NA,NA,NA,NA,NA,NA,NA,NA,NA,NA,NA,NA,NA,NA,NA,NA,NA,NA,NA,NA,NA,NA,NA,NA,NA,NA,NA,NA,NA,NA,NA,NA,NA,NA,NA,NA,NA,NA,NA,NA,NA,NA,NA,NA,NA,NA,NA,NA,NA,NA,NA,NA,NA,NA,NA,NA,NA,NA,NA,NA,NA,NA,NA,NA,NA,NA,NA,NA,NA,NA,NA,NA,NA,NA,NA,NA,NA,NA,NA,NA,NA,NA,NA,NA,NA,NA,NA,NA,NA,NA,NA,NA,NA,NA,NA,NA,NA,NA,NA,NA,NA,NA,NA,NA,NA,NA,NA,NA,NA,NA,NA,NA,NA,NA,NA,NA,NA,NA,NA,NA,NA,NA,NA,NA,NA,NA,NA,NA,NA,NA,NA,NA,NA,NA,NA,NA,NA,NA,NA,NA,NA,NA,NA,NA,NA,NA,NA,NA,NA,NA,NA,NA,NA,NA,NA,NA,NA,NA,NA,NA,NA,NA,NA,NA,NA,NA,NA,NA,NA,NA,NA,NA,NA,NA,NA,NA,NA,NA,NA,NA,NA,NA,NA,NA,NA,NA,NA,NA,NA,NA,NA,NA,NA,NA,NA,NA,NA,NA,NA,NA,NA,NA,NA,NA,NA,NA,NA,NA,NA,NA,NA,NA,NA,NA,NA,NA,NA,NA,NA,NA,NA,NA,NA,NA,NA,NA,NA,NA,NA,NA,NA,NA,NA,NA,NA,NA,NA,NA,NA,NA,NA,NA,NA,NA,NA,NA,NA,NA,NA,NA,NA,NA,NA,NA,NA,NA,NA,NA,NA,NA,NA,NA,NA,NA,NA,NA,NA,NA,NA,NA,NA,NA,NA,NA,NA,NA,NA,NA,NA,NA,NA,NA,NA,NA,NA,NA,NA,NA,NA,NA,NA,NA,NA,NA,NA,NA,NA,NA,NA,NA,NA,NA,NA,NA,NA,NA,NA,NA,NA,NA,NA,NA,NA,NA,NA,NA,NA,NA,NA,NA,NA,NA,NA,NA,NA,NA,NA,NA,NA,NA,NA,NA,NA,NA,NA,NA,NA,NA,NA,NA,NA,NA,NA,NA,NA,NA,NA,NA,NA,NA,NA,NA,NA,NA,NA,NA,NA,NA,NA,NA,NA,NA,NA,NA,NA,NA,NA,NA,NA,NA,NA,NA,NA,NA,NA,NA,NA,NA,NA,NA,NA,NA,NA,NA,NA,NA,NA,NA,NA,NA,NA,NA,NA,NA,NA,NA,NA,NA,NA,NA,NA,NA,NA,NA,NA,NA,NA,NA,NA,NA,NA,NA,NA,NA,NA,NA,NA,NA,NA,NA,NA,NA,NA,NA,NA,NA,NA,NA,NA,NA,NA,NA,NA,NA,NA,NA,NA,NA,NA,NA,NA,NA,NA,NA,NA,NA
instructor4,0,2,0,7,0,0,10,21,8,2,0,0,0,69,9,22,0,0,0,34,38,1,0,0,0,0,0,31,0,0,0,0,0,0,11,0,0,0,0,0,0,69,1,0,0,0,0,0,35,13,0,0,0,0,28,98,28,0,0,0,0,0,0,35,0,0,0,0,0,0,0,0,0,0,0,0,0,0,0,0,0,0,0,0,0,0,0,0,0,0,67,4,0,0,0,0,0,1,18,5,0,0,0,0,0,0,0,0,0,0,0,0,28,0,0,0,0,0,58,17,0,0,0,0,0,0,0,0,0,0,0,0,0,0,0,0,0,0,0,0,14,0,0,0,0,0,11,0,0,0,0,0,0,0,0,0,0,0,0,0,16,27,0,0,0,0,0,0,26,0,0,0,0,0,0,0,0,0,0,0,0,0,0,0,0,0,0,0,0,19,0,0,0,0,0,0,0,0,0,0,0,0,75,31,0,0,0,0,0,86,22,0,0,0,0,0,0,0,0,0,0,0,0,113,26,NA,NA,NA,NA,NA,NA,NA,NA,NA,NA,NA,NA,NA,NA,NA,NA,NA,NA,NA,NA,NA,NA,NA,NA,NA,NA,NA,NA,NA,NA,NA,NA,NA,NA,NA,NA,NA,NA,NA,NA,NA,NA,NA,NA,NA,NA,NA,NA,NA,NA,NA,NA,NA,NA,NA,NA,NA,NA,NA,NA,NA,NA,NA,NA,NA,NA,NA,NA,NA,NA,NA,NA,NA,NA,NA,NA,NA,NA,NA,NA,NA,NA,NA,NA,NA,NA,NA,NA,NA,NA,NA,NA,NA,NA,NA,NA,NA,NA,NA,NA,NA,NA,NA,NA,NA,NA,NA,NA,NA,NA,NA,NA,NA,NA,NA,NA,NA,NA,NA,NA,NA,NA,NA,NA,NA,NA,NA,NA,NA,NA,NA,NA,NA,NA,NA,NA,NA,NA,NA,NA,NA,NA,NA,NA,NA,NA,NA,NA,NA,NA,NA,NA,NA,NA,NA,NA,NA,NA,NA,NA,NA,NA,NA,NA,NA,NA,NA,NA,NA,NA,NA,NA,NA,NA,NA,NA,NA,NA,NA,NA,NA,NA,NA,NA,NA,NA,NA,NA,NA,NA,NA,NA,NA,NA,NA,NA,NA,NA,NA,NA,NA,NA,NA,NA,NA,NA,NA,NA,NA,NA,NA,NA,NA,NA,NA,NA,NA,NA,NA,NA,NA,NA,NA,NA,NA,NA,NA,NA,NA,NA,NA,NA,NA,NA,NA,NA,NA,NA,NA,NA,NA,NA,NA,NA,NA,NA,NA,NA,NA,NA,NA,NA,NA,NA,NA,NA,NA,NA,NA,NA,NA,NA,NA,NA,NA,NA,NA,NA,NA,NA,NA,NA,NA,NA,NA,NA,NA,NA,NA,NA,NA,NA,NA,NA,NA,NA,NA,NA,NA,NA,NA,NA,NA,NA,NA,NA,NA,NA,NA,NA,NA,NA,NA,NA,NA,NA,NA,NA,NA,NA,NA,NA,NA,NA,NA,NA,NA,NA,NA,NA,NA,NA,NA,NA,NA,NA,NA,NA,NA,NA,NA,NA,NA,NA,NA,NA,NA,NA,NA,NA,NA,NA,NA,NA,NA,NA,NA,NA,NA,NA,NA,NA,NA,NA,NA,NA,NA,NA,NA,NA,NA,NA,NA,NA,NA,NA,NA,NA,NA,NA,NA,NA,NA,NA,NA,NA,NA,NA,NA,NA,NA,NA,NA,NA,NA,NA,NA,NA,NA,NA,NA,NA,NA,NA,NA,NA,NA,NA,NA,NA,NA,NA,NA,NA,NA,NA,NA,NA,NA,NA,NA,NA,NA,NA,NA,NA,NA,NA,NA,NA,NA,NA,NA,NA,NA,NA,NA,NA,NA,NA,NA,NA,NA,NA,NA,NA,NA,NA,NA,NA,NA,NA,NA,NA,NA,NA,NA,NA,NA,NA,NA,NA,NA,NA,NA,NA,NA,NA,NA,NA,NA,NA,NA,NA,NA,NA,NA,NA,NA,NA,NA,NA,NA,NA,NA,NA,NA,NA,NA,NA,NA,NA,NA,NA,NA,NA,NA,NA,NA,NA,NA,NA,NA,NA,NA,NA,NA,NA,NA,NA,NA,NA,NA,NA,NA,NA,NA,NA,NA,NA,NA,NA,NA,NA,NA,NA,NA,NA,NA,NA,NA,NA,NA,NA,NA,NA,NA,NA,NA,NA,NA,NA,NA,NA,NA,NA,NA,NA,NA,NA,NA,NA,NA,NA,NA,NA,NA,NA,NA,NA,NA,NA,NA,NA,NA,NA,NA,NA,NA,NA,NA,NA,NA,NA,NA,NA,NA,NA,NA,NA,NA,NA,NA,NA,NA,NA,NA,NA,NA,NA,NA,NA,NA,NA,NA,NA,NA,NA,NA,NA,NA,NA,NA,NA,NA
instructor5,0,0,0,0,0,0,0,0,0,0,0,0,0,69,0,0,0,0,0,0,0,0,0,0,0,0,0,26,0,0,0,0,0,0,0,0,0,0,0,0,0,0,0,0,0,0,0,0,52,0,0,0,0,0,0,7,1,0,0,0,0,0,3,0,0,0,0,0,0,65,1,0,0,0,0,0,45,0,0,0,0,0,0,41,0,0,0,0,0,0,0,0,0,0,0,0,0,0,0,0,0,0,0,0,0,0,0,0,0,0,0,6,0,0,0,0,0,0,0,0,0,0,0,0,0,0,0,0,0,0,0,0,27,0,0,0,0,0,0,0,0,0,0,0,0,0,0,0,0,0,0,0,0,5,0,0,0,0,0,0,1,0,0,0,0,0,0,0,0,0,0,0,0,0,0,0,0,0,0,0,0,0,0,0,0,0,0,0,0,0,0,0,0,0,0,0,0,0,0,0,0,0,0,0,0,0,0,0,0,56,0,0,0,0,0,0,0,0,0,0,0,0,0,15,0,NA,NA,NA,NA,NA,NA,NA,NA,NA,NA,NA,NA,NA,NA,NA,NA,NA,NA,NA,NA,NA,NA,NA,NA,NA,NA,NA,NA,NA,NA,NA,NA,NA,NA,NA,NA,NA,NA,NA,NA,NA,NA,NA,NA,NA,NA,NA,NA,NA,NA,NA,NA,NA,NA,NA,NA,NA,NA,NA,NA,NA,NA,NA,NA,NA,NA,NA,NA,NA,NA,NA,NA,NA,NA,NA,NA,NA,NA,NA,NA,NA,NA,NA,NA,NA,NA,NA,NA,NA,NA,NA,NA,NA,NA,NA,NA,NA,NA,NA,NA,NA,NA,NA,NA,NA,NA,NA,NA,NA,NA,NA,NA,NA,NA,NA,NA,NA,NA,NA,NA,NA,NA,NA,NA,NA,NA,NA,NA,NA,NA,NA,NA,NA,NA,NA,NA,NA,NA,NA,NA,NA,NA,NA,NA,NA,NA,NA,NA,NA,NA,NA,NA,NA,NA,NA,NA,NA,NA,NA,NA,NA,NA,NA,NA,NA,NA,NA,NA,NA,NA,NA,NA,NA,NA,NA,NA,NA,NA,NA,NA,NA,NA,NA,NA,NA,NA,NA,NA,NA,NA,NA,NA,NA,NA,NA,NA,NA,NA,NA,NA,NA,NA,NA,NA,NA,NA,NA,NA,NA,NA,NA,NA,NA,NA,NA,NA,NA,NA,NA,NA,NA,NA,NA,NA,NA,NA,NA,NA,NA,NA,NA,NA,NA,NA,NA,NA,NA,NA,NA,NA,NA,NA,NA,NA,NA,NA,NA,NA,NA,NA,NA,NA,NA,NA,NA,NA,NA,NA,NA,NA,NA,NA,NA,NA,NA,NA,NA,NA,NA,NA,NA,NA,NA,NA,NA,NA,NA,NA,NA,NA,NA,NA,NA,NA,NA,NA,NA,NA,NA,NA,NA,NA,NA,NA,NA,NA,NA,NA,NA,NA,NA,NA,NA,NA,NA,NA,NA,NA,NA,NA,NA,NA,NA,NA,NA,NA,NA,NA,NA,NA,NA,NA,NA,NA,NA,NA,NA,NA,NA,NA,NA,NA,NA,NA,NA,NA,NA,NA,NA,NA,NA,NA,NA,NA,NA,NA,NA,NA,NA,NA,NA,NA,NA,NA,NA,NA,NA,NA,NA,NA,NA,NA,NA,NA,NA,NA,NA,NA,NA,NA,NA,NA,NA,NA,NA,NA,NA,NA,NA,NA,NA,NA,NA,NA,NA,NA,NA,NA,NA,NA,NA,NA,NA,NA,NA,NA,NA,NA,NA,NA,NA,NA,NA,NA,NA,NA,NA,NA,NA,NA,NA,NA,NA,NA,NA,NA,NA,NA,NA,NA,NA,NA,NA,NA,NA,NA,NA,NA,NA,NA,NA,NA,NA,NA,NA,NA,NA,NA,NA,NA,NA,NA,NA,NA,NA,NA,NA,NA,NA,NA,NA,NA,NA,NA,NA,NA,NA,NA,NA,NA,NA,NA,NA,NA,NA,NA,NA,NA,NA,NA,NA,NA,NA,NA,NA,NA,NA,NA,NA,NA,NA,NA,NA,NA,NA,NA,NA,NA,NA,NA,NA,NA,NA,NA,NA,NA,NA,NA,NA,NA,NA,NA,NA,NA,NA,NA,NA,NA,NA,NA,NA,NA,NA,NA,NA,NA,NA,NA,NA,NA,NA,NA,NA,NA,NA,NA,NA,NA,NA,NA,NA,NA,NA,NA,NA,NA,NA,NA,NA,NA,NA,NA,NA,NA,NA,NA,NA,NA,NA,NA,NA,NA,NA,NA,NA,NA,NA,NA,NA,NA,NA,NA,NA,NA,NA,NA,NA,NA,NA,NA,NA,NA,NA,NA,NA,NA,NA,NA,NA,NA,NA,NA,NA,NA,NA,NA,NA,NA,NA,NA,NA,NA,NA,NA,NA
instructor6,0,0,0,0,0,0,0,100,41,0,0,0,0,0,0,0,0,0,11,0,0,0,0,0,0,0,0,0,0,0,0,0,0,0,0,0,0,0,0,0,0,0,0,18,0,0,0,0,0,0,0,0,0,0,0,0,0,0,0,0,0,0,0,0,0,10,0,0,0,0,0,0,0,0,0,0,0,0,0,0,0,0,0,0,0,0,0,0,0,0,0,0,0,0,0,0,0,0,0,0,0,0,0,0,0,0,0,0,0,0,0,0,0,0,0,0,0,0,0,0,0,0,0,0,0,0,0,0,0,0,0,0,0,0,0,0,0,0,0,0,0,0,0,0,0,0,0,0,0,0,0,0,0,0,0,0,0,0,0,0,0,0,0,0,0,0,0,0,0,0,0,0,0,0,0,0,0,0,0,0,0,0,0,0,0,0,0,0,0,0,0,0,0,0,0,0,0,0,0,0,0,0,0,0,0,0,0,0,0,0,0,0,0,0,0,0,0,0,0,0,0,0,0,0,0,NA,NA,NA,NA,NA,NA,NA,NA,NA,NA,NA,NA,NA,NA,NA,NA,NA,NA,NA,NA,NA,NA,NA,NA,NA,NA,NA,NA,NA,NA,NA,NA,NA,NA,NA,NA,NA,NA,NA,NA,NA,NA,NA,NA,NA,NA,NA,NA,NA,NA,NA,NA,NA,NA,NA,NA,NA,NA,NA,NA,NA,NA,NA,NA,NA,NA,NA,NA,NA,NA,NA,NA,NA,NA,NA,NA,NA,NA,NA,NA,NA,NA,NA,NA,NA,NA,NA,NA,NA,NA,NA,NA,NA,NA,NA,NA,NA,NA,NA,NA,NA,NA,NA,NA,NA,NA,NA,NA,NA,NA,NA,NA,NA,NA,NA,NA,NA,NA,NA,NA,NA,NA,NA,NA,NA,NA,NA,NA,NA,NA,NA,NA,NA,NA,NA,NA,NA,NA,NA,NA,NA,NA,NA,NA,NA,NA,NA,NA,NA,NA,NA,NA,NA,NA,NA,NA,NA,NA,NA,NA,NA,NA,NA,NA,NA,NA,NA,NA,NA,NA,NA,NA,NA,NA,NA,NA,NA,NA,NA,NA,NA,NA,NA,NA,NA,NA,NA,NA,NA,NA,NA,NA,NA,NA,NA,NA,NA,NA,NA,NA,NA,NA,NA,NA,NA,NA,NA,NA,NA,NA,NA,NA,NA,NA,NA,NA,NA,NA,NA,NA,NA,NA,NA,NA,NA,NA,NA,NA,NA,NA,NA,NA,NA,NA,NA,NA,NA,NA,NA,NA,NA,NA,NA,NA,NA,NA,NA,NA,NA,NA,NA,NA,NA,NA,NA,NA,NA,NA,NA,NA,NA,NA,NA,NA,NA,NA,NA,NA,NA,NA,NA,NA,NA,NA,NA,NA,NA,NA,NA,NA,NA,NA,NA,NA,NA,NA,NA,NA,NA,NA,NA,NA,NA,NA,NA,NA,NA,NA,NA,NA,NA,NA,NA,NA,NA,NA,NA,NA,NA,NA,NA,NA,NA,NA,NA,NA,NA,NA,NA,NA,NA,NA,NA,NA,NA,NA,NA,NA,NA,NA,NA,NA,NA,NA,NA,NA,NA,NA,NA,NA,NA,NA,NA,NA,NA,NA,NA,NA,NA,NA,NA,NA,NA,NA,NA,NA,NA,NA,NA,NA,NA,NA,NA,NA,NA,NA,NA,NA,NA,NA,NA,NA,NA,NA,NA,NA,NA,NA,NA,NA,NA,NA,NA,NA,NA,NA,NA,NA,NA,NA,NA,NA,NA,NA,NA,NA,NA,NA,NA,NA,NA,NA,NA,NA,NA,NA,NA,NA,NA,NA,NA,NA,NA,NA,NA,NA,NA,NA,NA,NA,NA,NA,NA,NA,NA,NA,NA,NA,NA,NA,NA,NA,NA,NA,NA,NA,NA,NA,NA,NA,NA,NA,NA,NA,NA,NA,NA,NA,NA,NA,NA,NA,NA,NA,NA,NA,NA,NA,NA,NA,NA,NA,NA,NA,NA,NA,NA,NA,NA,NA,NA,NA,NA,NA,NA,NA,NA,NA,NA,NA,NA,NA,NA,NA,NA,NA,NA,NA,NA,NA,NA,NA,NA,NA,NA,NA,NA,NA,NA,NA,NA,NA,NA,NA,NA,NA,NA,NA,NA,NA,NA,NA,NA,NA,NA,NA,NA,NA,NA,NA,NA,NA,NA,NA,NA,NA,NA,NA,NA,NA,NA,NA,NA,NA,NA,NA,NA,NA,NA,NA,NA,NA,NA,NA,NA,NA,NA,NA,NA,NA,NA,NA,NA,NA,NA,NA,NA,NA,NA,NA,NA,NA,NA,NA,NA,NA,NA,NA,NA,NA,NA,NA,NA,NA,NA,NA,NA,NA,NA,NA,NA,NA,NA,NA,NA,NA,NA,NA,NA,NA,NA,NA,NA,NA,NA
instructor7,0,0,0,0,0,0,0,0,0,0,0,0,0,0,0,0,0,0,0,0,0,0,0,0,0,0,0,0,0,0,0,0,0,0,0,0,0,0,0,0,0,0,0,0,0,0,0,0,0,0,0,0,0,0,0,0,0,0,0,0,0,0,0,0,0,0,0,0,0,0,0,0,0,0,0,0,0,0,0,0,0,0,0,0,0,0,0,0,0,0,0,0,0,0,0,0,0,0,0,0,0,0,0,0,0,0,0,0,0,0,0,0,0,0,0,0,0,0,0,0,0,0,0,0,0,0,0,0,0,0,0,0,0,0,0,0,0,0,0,0,0,0,0,0,0,0,0,0,0,0,0,0,0,0,0,0,0,0,0,0,0,0,0,0,0,0,0,0,0,0,0,0,0,0,0,0,0,0,0,0,0,0,0,0,0,0,0,0,0,0,0,0,0,0,0,0,0,0,0,0,0,0,0,0,0,0,0,0,0,0,0,0,0,0,0,0,0,0,0,0,0,0,0,0,0,NA,NA,NA,NA,NA,NA,NA,NA,NA,NA,NA,NA,NA,NA,NA,NA,NA,NA,NA,NA,NA,NA,NA,NA,NA,NA,NA,NA,NA,NA,NA,NA,NA,NA,NA,NA,NA,NA,NA,NA,NA,NA,NA,NA,NA,NA,NA,NA,NA,NA,NA,NA,NA,NA,NA,NA,NA,NA,NA,NA,NA,NA,NA,NA,NA,NA,NA,NA,NA,NA,NA,NA,NA,NA,NA,NA,NA,NA,NA,NA,NA,NA,NA,NA,NA,NA,NA,NA,NA,NA,NA,NA,NA,NA,NA,NA,NA,NA,NA,NA,NA,NA,NA,NA,NA,NA,NA,NA,NA,NA,NA,NA,NA,NA,NA,NA,NA,NA,NA,NA,NA,NA,NA,NA,NA,NA,NA,NA,NA,NA,NA,NA,NA,NA,NA,NA,NA,NA,NA,NA,NA,NA,NA,NA,NA,NA,NA,NA,NA,NA,NA,NA,NA,NA,NA,NA,NA,NA,NA,NA,NA,NA,NA,NA,NA,NA,NA,NA,NA,NA,NA,NA,NA,NA,NA,NA,NA,NA,NA,NA,NA,NA,NA,NA,NA,NA,NA,NA,NA,NA,NA,NA,NA,NA,NA,NA,NA,NA,NA,NA,NA,NA,NA,NA,NA,NA,NA,NA,NA,NA,NA,NA,NA,NA,NA,NA,NA,NA,NA,NA,NA,NA,NA,NA,NA,NA,NA,NA,NA,NA,NA,NA,NA,NA,NA,NA,NA,NA,NA,NA,NA,NA,NA,NA,NA,NA,NA,NA,NA,NA,NA,NA,NA,NA,NA,NA,NA,NA,NA,NA,NA,NA,NA,NA,NA,NA,NA,NA,NA,NA,NA,NA,NA,NA,NA,NA,NA,NA,NA,NA,NA,NA,NA,NA,NA,NA,NA,NA,NA,NA,NA,NA,NA,NA,NA,NA,NA,NA,NA,NA,NA,NA,NA,NA,NA,NA,NA,NA,NA,NA,NA,NA,NA,NA,NA,NA,NA,NA,NA,NA,NA,NA,NA,NA,NA,NA,NA,NA,NA,NA,NA,NA,NA,NA,NA,NA,NA,NA,NA,NA,NA,NA,NA,NA,NA,NA,NA,NA,NA,NA,NA,NA,NA,NA,NA,NA,NA,NA,NA,NA,NA,NA,NA,NA,NA,NA,NA,NA,NA,NA,NA,NA,NA,NA,NA,NA,NA,NA,NA,NA,NA,NA,NA,NA,NA,NA,NA,NA,NA,NA,NA,NA,NA,NA,NA,NA,NA,NA,NA,NA,NA,NA,NA,NA,NA,NA,NA,NA,NA,NA,NA,NA,NA,NA,NA,NA,NA,NA,NA,NA,NA,NA,NA,NA,NA,NA,NA,NA,NA,NA,NA,NA,NA,NA,NA,NA,NA,NA,NA,NA,NA,NA,NA,NA,NA,NA,NA,NA,NA,NA,NA,NA,NA,NA,NA,NA,NA,NA,NA,NA,NA,NA,NA,NA,NA,NA,NA,NA,NA,NA,NA,NA,NA,NA,NA,NA,NA,NA,NA,NA,NA,NA,NA,NA,NA,NA,NA,NA,NA,NA,NA,NA,NA,NA,NA,NA,NA,NA,NA,NA,NA,NA,NA,NA,NA,NA,NA,NA,NA,NA,NA,NA,NA,NA,NA,NA,NA,NA,NA,NA,NA,NA,NA,NA,NA,NA,NA,NA,NA,NA,NA,NA,NA,NA,NA,NA,NA,NA,NA,NA,NA,NA,NA,NA,NA,NA,NA,NA,NA,NA,NA,NA,NA,NA,NA,NA,NA,NA,NA,NA,NA,NA,NA,NA,NA,NA,NA,NA,NA,NA,NA,NA,NA,NA,NA,NA,NA,NA,NA,NA,NA,NA,NA,NA,NA,NA,NA,NA,NA,NA,NA,NA,NA,NA,NA
student1,0,0,0,0,0,0,0,0,0,0,0,0,0,0,0,0,0,0,0,0,0,0,0,0,0,0,0,0,0,0,0,0,0,0,0,0,0,0,0,0,0,0,0,0,0,0,0,0,0,0,0,0,0,0,0,0,0,0,0,0,0,0,0,0,0,0,0,0,0,0,0,0,0,0,0,0,0,0,0,0,0,0,0,0,0,0,0,0,0,0,0,0,0,0,0,0,0,0,0,0,0,0,0,0,23,48,0,75,80,0,0,70,72,72,73,0,0,0,85,70,0,0,0,28,0,0,0,0,0,0,0,39,30,0,0,26,0,0,0,0,0,0,0,29,36,12,0,0,0,0,0,0,0,15,47,62,63,68,0,0,0,69,94,96,71,0,0,53,70,7,93,60,0,0,0,0,62,0,0,0,3,57,0,38,52,0,0,0,0,31,32,36,0,0,0,3,78,53,10,22,0,0,34,65,0,35,0,0,0,40,0,48,45,34,0,0,0,0,0,0,0,0,0,1,0,5,5,2,3,5,3,3,4,6,0,30,5,9,4,3,3,5,3,3,6,20,4,10,4,2,3,3,7,0,8,10,5,4,3,4,0,0,0,0,0,0,0,0,0,0,0,0,0,0,0,0,0,0,0,0,0,0,0,0,0,0,0,0,0,0,0,0,0,0,0,0,0,0,0,0,0,0,0,0,0,0,0,0,0,0,0,0,0,0,0,0,0,0,0,2,2,1,1,1,2,0,2,1,1,1,2,2,1,1,0,0,2,1,0,2,2,1,1,1,2,0,2,1,0,2,2,1,0,0,2,2,1,1,2,1,0,0,0,0,0,2,0,0,3,0,0,0,0,0,0,0,2,0,0,0,30,0,0,0,0,0,2,5,9,2,2,1,1,0,2,2,0,0,1,0,2,0,2,2,1,0,0,0,2,0,2,2,1,0,2,0,2,2,2,1,0,2,0,1,2,1,0,0,1,0,2,0,0,2,0,0,0,0,20,0,0,0,0,0,0,4,10,2,0,1,0,0,0,3,2,0,1,1,0,2,1,0,0,2,0,2,1,1,1,0,0,0,0,1,0,0,0,3,3,0,0,0,0,0,0,0,0,0,2,8,10,2,1,0,1,0,0,3,2,1,0,0,0,0,3,2,2,1,0,2,2,1,0,0,3,0,0,0,0,0,0,0,0,0,0,0,0,0,0,0,0,0,0,0,0,0,0,0,0,0,0,0,0,0,0,0,0,0,0,0,0,0,0,0,0,0,0,0,0,0,0,0,0,0,0,0,0,0,0,0,0,0,0,0,0,0,0,0,0,0,0,0,0,0,0,0,0,0,0,0,0,0,0,0,0,0,0,0,0,0,0,0,0,0,0,0,0,0,0,0,0,0,0,0,0,0,0,0,0,0,0,0,0,0,0,0,0,0,0,0,0,0,0,0,0,0,0,0,0,0,0,0,0,0,0,0,0,0,0,0,0,0,0,0,0,0,0,0,0,0,0,0,0,0,0,0,0,0,0,0,0,0,0,0,0,0,0,0,0,0,0,0,0,0,0,0,0,0,0,0,0,0,0,0,0,0,0,0,0,0,0,0,0,0,0,0,0,0,0,0,0,0,0,0,0,0,0,0,0,0,0,0,0,0,0,0,0,0,0,0,0,0,0,0,0,0,0,0,0,0,0,0,0,0,0,0,0,0,0,0,0,0,0,0,0,0,0,0,0,0,0,0,0,0,0,0,0,0,0,0,0,0,0,0,0,0,0,0,0,0,0,0,0,0,0,0,0,0,0,0,0,0,0,0,0,0,0,0,0,0,0,0,0,0,0,0,0,0,0,0,0,0,0,0,0,0,0,0,0,0
student2,0,0,0,0,0,0,0,0,0,0,0,0,0,0,0,0,0,0,0,0,0,0,0,0,0,0,0,0,0,0,0,0,0,0,0,0,0,0,0,0,0,0,0,0,0,0,0,0,0,0,0,0,0,0,0,0,0,0,0,0,0,0,0,0,0,0,0,0,0,0,0,0,0,0,0,0,0,0,0,0,0,0,0,0,0,0,0,0,0,0,0,0,0,0,0,0,0,0,0,0,0,0,0,0,21,38,11,16,48,0,0,15,27,62,56,0,0,0,15,51,0,0,0,0,0,0,0,0,0,0,0,0,0,0,123,58,32,0,0,0,21,52,7,38,0,0,0,0,5,49,85,0,0,14,52,38,80,72,0,0,50,50,75,80,50,0,0,83,105,42,36,12,0,0,0,0,53,38,65,0,0,16,0,26,14,12,0,0,10,0,4,24,16,0,0,16,24,11,0,0,0,0,26,45,0,11,0,0,0,14,34,38,24,0,0,0,0,0,0,0,0,0,0,25,61,4,4,3,3,5,4,3,3,2,0,10,2,4,5,3,3,3,0,0,6,0,0,9,1,2,1,0,8,0,0,3,4,4,3,3,4,0,0,0,0,0,0,0,0,0,0,0,0,0,0,0,0,0,0,0,0,0,0,0,0,0,0,0,0,0,0,0,0,0,0,0,0,0,0,0,0,0,0,0,0,0,0,0,0,0,0,0,0,0,0,0,0,0,0,2,2,1,0,1,2,0,2,1,1,0,2,2,0,1,0,2,2,1,0,2,2,1,1,1,2,0,2,1,1,2,2,1,1,1,0,2,1,0,2,0,0,0,0,0,2,0,0,0,0,0,0,0,0,0,0,0,2,0,0,0,0,10,0,0,0,0,2,2,4,2,2,1,0,2,2,2,1,1,1,0,0,0,2,2,1,0,0,2,0,0,2,2,1,0,2,0,0,2,2,0,0,0,0,0,0,0,0,0,0,0,0,0,0,0,3,3,0,0,0,0,0,0,0,0,0,0,9,2,1,0,0,0,0,0,2,0,1,1,0,2,1,0,0,0,0,2,0,0,0,0,0,1,1,1,2,0,0,3,0,2,0,0,0,0,0,0,0,0,0,0,3,2,1,0,0,0,0,3,2,1,0,0,0,0,3,2,2,1,0,2,2,0,0,0,3,1,1,0,0,2,0,0,0,0,0,0,0,0,0,0,0,0,0,0,0,0,0,0,0,0,0,0,0,0,0,0,0,0,0,0,0,0,0,0,0,0,0,0,0,0,0,0,0,0,0,0,0,0,0,0,0,0,0,0,0,0,0,0,0,0,0,0,0,0,0,0,0,0,0,0,0,0,0,0,0,0,0,0,0,0,0,0,0,0,0,0,0,0,0,0,0,0,0,0,0,0,0,0,0,0,0,0,0,0,0,0,0,0,0,0,0,0,0,0,0,0,0,0,0,0,0,0,0,0,0,0,0,0,0,0,0,0,0,0,0,0,0,0,0,0,0,0,0,0,0,0,0,0,0,0,0,0,0,0,0,0,0,0,0,0,0,0,0,0,0,0,0,0,0,0,0,0,0,0,0,0,0,0,0,0,0,0,0,0,0,0,0,0,0,0,0,0,0,0,0,0,0,0,0,0,0,0,0,0,0,0,0,0,0,0,0,0,0,0,0,0,0,0,0,0,0,0,0,0,0,0,0,0,0,0,0,0,0,0,0,0,0,0,0,0,0,0,0,0,0,0,0,0,0,0,0,0,0,0,0,0,0,0,0,0,0,0,0,0,0,0,0,0,0,0,0,0,0,0,0,0,0,0,0,0,0,0,0,0,0,0,0,0,0,0,0,0,0,0,0,0,0,0,0,0
student3,0,0,0,0,0,0,0,0,0,0,0,0,0,0,0,0,0,0,0,0,0,0,0,0,0,0,0,0,0,0,0,0,0,0,0,0,0,0,0,0,0,0,0,0,0,0,0,0,0,0,0,0,0,0,0,0,0,0,0,0,0,0,0,0,0,0,0,0,0,0,0,0,0,0,0,0,0,0,0,0,0,0,0,0,0,0,0,0,0,0,0,0,0,0,0,0,0,0,0,0,0,0,0,0,0,41,53,50,0,0,0,9,75,0,69,96,0,32,25,79,0,100,0,0,0,0,0,0,0,0,0,0,7,0,0,0,0,0,0,28,55,0,0,0,0,0,0,15,8,60,25,0,0,0,0,0,25,5,0,0,5,52,38,53,82,0,0,22,45,47,0,74,0,0,0,0,0,23,0,0,0,45,0,31,35,38,0,24,74,31,1,22,22,0,0,0,0,1,4,0,0,0,19,25,0,0,0,0,0,32,34,44,28,0,0,0,0,0,0,0,0,0,0,45,53,4,4,2,4,5,2,3,3,8,0,0,9,14,4,3,3,5,2,3,6,0,10,5,4,2,4,4,7,55,2,6,5,4,3,3,3,0,0,0,0,0,0,0,0,0,0,0,0,0,0,0,0,0,0,0,0,0,0,0,0,0,0,0,0,0,0,0,0,0,0,0,0,0,0,0,0,0,0,0,0,0,0,0,0,0,0,0,0,0,0,0,0,0,0,2,2,1,0,1,2,0,2,1,1,0,2,2,0,0,0,2,2,1,1,2,2,1,1,1,0,2,2,1,1,0,2,0,1,0,2,2,1,0,2,0,0,0,0,2,2,2,2,0,0,0,0,0,0,0,0,0,2,0,0,0,0,0,0,0,0,0,2,9,14,2,2,0,0,2,2,2,1,0,0,0,0,2,2,2,1,0,0,2,0,0,2,2,1,0,2,2,0,2,2,1,1,0,1,0,2,0,0,0,0,0,0,0,0,0,3,3,0,0,0,0,0,0,0,0,0,10,5,2,1,0,0,0,0,3,2,0,1,1,0,2,1,0,0,0,3,2,1,0,1,2,0,1,0,1,2,0,0,3,0,2,0,0,30,0,0,0,0,25,0,2,6,2,1,0,1,0,0,3,2,1,0,0,0,0,3,2,2,1,0,2,2,0,0,0,3,1,0,0,0,0,0,2,0,0,0,0,0,0,0,0,0,0,0,0,0,0,0,0,0,0,0,0,0,0,0,0,0,0,0,0,0,0,0,0,0,0,0,0,0,0,0,0,0,0,0,0,0,0,0,0,0,0,0,0,0,0,0,0,0,0,0,0,0,0,0,0,0,0,0,0,0,0,0,0,0,0,0,0,0,0,0,0,0,0,0,0,0,0,0,0,0,0,0,0,0,0,0,0,0,0,0,0,0,0,0,0,0,0,0,0,0,0,0,0,0,0,0,0,0,0,0,0,0,0,0,0,0,0,0,0,0,0,0,0,0,0,0,0,0,0,0,0,0,0,0,0,0,0,0,0,0,0,0,0,0,0,0,0,0,0,0,0,0,0,0,0,0,0,0,0,0,0,0,0,0,0,0,0,0,0,0,0,0,0,0,0,0,0,0,0,0,0,0,0,0,0,0,0,0,0,0,0,0,0,0,0,0,0,0,0,0,0,0,0,0,0,0,0,0,0,0,0,0,0,0,0,0,0,0,0,0,0,0,0,0,0,0,0,0,0,0,0,0,0,0,0,0,0,0,0,0,0,0,0,0,0,0,0,0,0,0,0,0,0,0,0,0,0,0,0,0,0,0,0,0,0,0,0,0,0,0,0,0,0,0,0,0,0,0,0,0,0,0,0,0,0,0,0,0,0
student4,0,0,0,0,0,0,0,0,0,0,0,0,0,0,0,0,0,0,0,0,0,0,0,0,0,0,0,0,0,0,0,0,0,0,0,0,0,0,0,0,0,0,0,0,0,0,0,0,0,0,0,0,0,0,0,0,0,0,0,0,0,0,0,0,0,0,0,0,0,0,0,0,0,0,0,0,0,0,0,0,0,0,0,0,0,0,0,0,0,0,0,0,0,0,0,0,0,0,0,0,0,0,0,0,28,45,60,43,60,0,0,50,72,33,0,0,59,0,36,69,49,0,0,0,0,0,0,0,0,0,0,0,3,0,0,0,0,0,0,0,77,67,69,71,0,0,0,73,8,9,6,0,0,0,6,0,0,19,0,0,0,5,7,12,58,0,3,7,5,28,60,80,0,0,0,0,13,6,25,0,0,42,0,0,116,35,0,0,17,99,0,129,28,0,0,16,41,8,0,62,0,0,43,45,0,31,0,0,0,49,52,39,57,0,0,0,0,0,0,0,0,0,0,0,68,4,4,2,3,5,3,3,3,8,0,22,9,11,4,0,3,6,3,3,6,0,2,6,4,2,3,0,7,0,13,6,5,4,3,0,6,0,0,0,0,0,0,0,0,0,0,0,0,0,0,0,0,0,0,0,0,0,0,0,0,0,0,0,0,0,0,0,0,0,0,0,0,0,0,0,0,0,0,0,0,0,0,0,0,0,0,0,0,0,0,0,0,0,0,2,2,1,1,0,2,0,2,0,1,1,2,2,1,1,0,0,2,0,1,2,2,1,0,0,2,2,2,1,0,2,2,0,1,0,2,2,1,0,2,1,1,0,0,0,0,0,0,3,3,0,0,0,0,0,0,0,2,0,0,0,22,0,0,0,0,0,2,9,11,2,2,1,1,2,0,2,0,0,0,0,0,0,2,2,1,0,0,2,0,0,2,2,1,1,2,2,0,2,2,1,0,2,1,0,2,0,0,0,0,0,0,0,0,0,3,3,0,0,0,0,0,0,0,0,0,2,6,2,1,0,0,0,0,3,2,0,1,1,0,2,1,0,0,2,0,2,0,0,0,0,0,1,0,1,2,0,0,3,0,2,0,0,0,0,0,0,0,0,2,13,6,2,1,1,1,2,0,0,2,1,1,0,0,2,0,2,2,1,0,2,2,0,0,0,0,1,0,0,0,2,0,0,3,0,0,0,0,0,0,0,0,0,0,0,0,0,0,0,0,0,0,0,0,0,0,0,0,0,0,0,0,0,0,0,0,0,0,0,0,0,0,0,0,0,0,0,0,0,0,0,0,0,0,0,0,0,0,0,0,0,0,0,0,0,0,0,0,0,0,0,0,0,0,0,0,0,0,0,0,0,0,0,0,0,0,0,0,0,0,0,0,0,0,0,0,0,0,0,0,0,0,0,0,0,0,0,0,0,0,0,0,0,0,0,0,0,0,0,0,0,0,0,0,0,0,0,0,0,0,0,0,0,0,0,0,0,0,0,0,0,0,0,0,0,0,0,0,0,0,0,0,0,0,0,0,0,0,0,0,0,0,0,0,0,0,0,0,0,0,0,0,0,0,0,0,0,0,0,0,0,0,0,0,0,0,0,0,0,0,0,0,0,0,0,0,0,0,0,0,0,0,0,0,0,0,0,0,0,0,0,0,0,0,0,0,0,0,0,0,0,0,0,0,0,0,0,0,0,0,0,0,0,0,0,0,0,0,0,0,0,0,0,0,0,0,0,0,0,0,0,0,0,0,0,0,0,0,0,0,0,0,0,0,0,0,0,0,0,0,0,0,0,0,0,0,0,0,0,0,0,0,0,0,0,0,0,0,0,0,0,0,0,0,0,0,0,0,0,0,0
student5,0,0,0,0,0,0,0,0,0,0,0,0,0,0,0,0,0,0,0,0,0,0,0,0,0,0,0,0,0,0,0,0,0,0,0,0,0,0,0,0,0,0,0,0,0,0,0,0,0,0,0,0,0,0,0,0,0,0,0,0,0,0,0,0,0,0,0,0,0,0,0,0,0,0,0,0,0,0,0,0,0,0,0,0,0,0,0,0,0,0,0,0,0,0,0,0,0,0,0,0,0,0,0,0,17,36,0,0,0,0,0,39,79,105,33,0,0,0,15,0,0,0,0,0,0,0,0,0,0,0,0,0,0,0,0,0,0,0,0,0,52,80,59,0,0,0,0,55,0,0,0,0,0,0,0,0,58,49,0,0,31,61,0,0,0,0,0,56,0,0,64,52,0,0,0,0,39,60,0,0,0,0,0,0,0,0,0,0,0,0,25,63,45,0,0,38,126,31,16,0,0,0,13,0,0,62,0,0,0,0,0,0,0,0,0,0,0,0,0,0,47,0,0,0,51,7,4,2,3,5,3,3,3,8,0,25,12,13,4,3,3,5,3,2,0,0,0,12,4,2,0,0,7,15,8,9,5,4,3,4,0,0,0,0,0,0,0,0,0,0,0,0,0,0,0,0,0,0,0,0,0,0,0,0,0,0,0,0,0,0,0,0,0,0,0,0,0,0,0,0,0,0,0,0,0,0,0,0,0,0,0,0,0,0,0,0,0,0,0,2,2,1,1,1,2,2,2,1,0,1,2,2,0,1,1,0,2,1,0,2,2,0,1,0,2,2,2,1,0,2,2,1,0,0,2,2,1,0,2,0,0,0,1,2,2,0,0,0,0,0,3,0,0,0,0,0,0,0,0,0,25,0,0,0,0,0,0,12,13,2,2,1,1,0,2,2,0,0,1,0,2,0,2,2,1,0,0,0,2,0,2,2,1,0,2,0,2,2,2,1,0,2,1,1,0,0,0,0,0,0,0,0,0,0,0,0,0,0,0,0,0,0,0,0,0,0,12,2,0,0,0,2,2,0,2,1,1,0,0,2,0,0,0,0,0,2,0,0,0,0,0,1,0,1,2,0,0,3,0,0,0,0,0,0,0,0,15,0,0,8,9,2,1,0,0,2,2,0,2,1,0,0,0,0,3,2,2,1,0,2,2,1,0,0,3,0,0,0,0,0,0,0,0,0,0,0,0,0,0,0,0,0,0,0,0,0,0,0,0,0,0,0,0,0,0,0,0,0,0,0,0,0,0,0,0,0,0,0,0,0,0,0,0,0,0,0,0,0,0,0,0,0,0,0,0,0,0,0,0,0,0,0,0,0,0,0,0,0,0,0,0,0,0,0,0,0,0,0,0,0,0,0,0,0,0,0,0,0,0,0,0,0,0,0,0,0,0,0,0,0,0,0,0,0,0,0,0,0,0,0,0,0,0,0,0,0,0,0,0,0,0,0,0,0,0,0,0,0,0,0,0,0,0,0,0,0,0,0,0,0,0,0,0,0,0,0,0,0,0,0,0,0,0,0,0,0,0,0,0,0,0,0,0,0,0,0,0,0,0,0,0,0,0,0,0,0,0,0,0,0,0,0,0,0,0,0,0,0,0,0,0,0,0,0,0,0,0,0,0,0,0,0,0,0,0,0,0,0,0,0,0,0,0,0,0,0,0,0,0,0,0,0,0,0,0,0,0,0,0,0,0,0,0,0,0,0,0,0,0,0,0,0,0,0,0,0,0,0,0,0,0,0,0,0,0,0,0,0,0,0,0,0,0,0,0,0,0,0,0,0,0,0,0,0,0,0,0,0,0,0,0,0,0,0,0,0,0,0,0,0,0,0,0,0,0,0,0,0,0,0
student6,0,0,0,0,0,0,0,0,0,0,0,0,0,0,0,0,0,0,0,0,0,0,0,0,0,0,0,0,0,0,0,0,0,0,0,0,0,0,0,0,0,0,0,0,0,0,0,0,0,0,0,0,0,0,0,0,0,0,0,0,0,0,0,0,0,0,0,0,0,0,0,0,0,0,0,0,0,0,0,0,0,0,0,0,0,0,0,0,0,0,0,0,0,0,0,0,0,0,0,0,0,0,0,0,20,50,63,58,60,0,0,57,72,77,30,0,0,0,49,76,18,0,0,0,0,0,0,0,0,0,0,0,37,0,0,0,0,0,0,0,46,75,0,0,0,0,0,0,62,58,50,0,0,30,58,94,52,90,0,0,58,0,74,90,88,0,0,78,65,70,81,119,0,0,0,0,76,16,78,0,0,61,0,71,49,9,0,0,3,37,5,49,66,0,0,63,127,78,0,0,0,0,36,61,0,49,0,0,0,18,48,55,59,0,0,0,0,0,0,0,0,0,0,44,71,5,4,3,3,5,3,3,3,8,0,0,2,12,4,3,3,6,3,0,6,30,10,14,4,2,3,2,7,58,15,5,5,4,3,3,5,0,0,0,0,0,0,0,0,0,0,0,0,0,0,0,0,0,0,0,0,0,0,0,0,0,0,0,0,0,0,0,0,0,0,0,0,0,0,0,0,0,0,0,0,0,0,0,0,0,0,0,0,0,0,0,0,0,0,2,2,1,1,1,2,0,2,1,1,0,2,2,1,1,1,0,2,1,0,2,2,1,1,1,2,0,2,1,0,2,2,0,1,0,2,2,1,0,2,0,0,0,0,0,0,2,0,0,3,3,0,0,0,0,0,0,2,0,0,0,0,0,0,0,0,0,2,2,12,2,2,1,1,0,2,2,1,1,1,0,0,0,2,2,1,1,1,0,0,0,2,2,1,1,2,2,0,2,2,1,0,2,0,0,0,1,0,0,1,0,2,0,2,0,0,0,0,0,30,0,0,0,0,0,0,10,14,2,0,0,0,2,2,0,2,0,1,1,0,2,1,1,1,0,0,2,0,1,1,0,0,0,1,1,0,0,2,3,0,2,0,0,30,0,28,0,0,0,2,15,5,2,1,1,1,0,2,0,2,1,1,0,0,2,0,2,2,1,0,2,2,1,0,2,0,1,1,1,0,2,0,0,0,0,0,0,0,0,0,0,0,0,0,0,0,0,0,0,0,0,0,0,0,0,0,0,0,0,0,0,0,0,0,0,0,0,0,0,0,0,0,0,0,0,0,0,0,0,0,0,0,0,0,0,0,0,0,0,0,0,0,0,0,0,0,0,0,0,0,0,0,0,0,0,0,0,0,0,0,0,0,0,0,0,0,0,0,0,0,0,0,0,0,0,0,0,0,0,0,0,0,0,0,0,0,0,0,0,0,0,0,0,0,0,0,0,0,0,0,0,0,0,0,0,0,0,0,0,0,0,0,0,0,0,0,0,0,0,0,0,0,0,0,0,0,0,0,0,0,0,0,0,0,0,0,0,0,0,0,0,0,0,0,0,0,0,0,0,0,0,0,0,0,0,0,0,0,0,0,0,0,0,0,0,0,0,0,0,0,0,0,0,0,0,0,0,0,0,0,0,0,0,0,0,0,0,0,0,0,0,0,0,0,0,0,0,0,0,0,0,0,0,0,0,0,0,0,0,0,0,0,0,0,0,0,0,0,0,0,0,0,0,0,0,0,0,0,0,0,0,0,0,0,0,0,0,0,0,0,0,0,0,0,0,0,0,0,0,0,0,0,0,0,0,0,0,0,0,0,0,0,0,0,0,0,0,0,0,0,0,0,0,0,0,0,0,0,0,0,0
student7,0,0,0,0,0,0,0,0,0,0,0,0,0,0,0,0,0,0,0,0,0,0,0,0,0,0,0,0,0,0,0,0,0,0,0,0,0,0,0,0,0,0,0,0,0,0,0,0,0,0,0,0,0,0,0,0,0,0,0,0,0,0,0,0,0,0,0,0,0,0,0,0,0,0,0,0,0,0,0,0,0,0,0,0,0,0,0,0,0,0,0,0,0,0,0,0,0,0,0,0,0,0,0,0,0,0,33,33,66,0,0,32,53,37,71,73,0,0,0,0,32,0,0,0,0,0,0,0,0,0,0,0,17,0,0,122,0,0,0,8,29,2,25,46,0,0,0,67,47,5,49,0,0,0,42,20,57,33,0,0,0,0,0,0,54,0,0,43,57,51,192,19,0,0,0,0,79,44,48,0,0,21,0,32,49,7,0,0,39,89,44,65,0,0,0,0,69,100,6,27,0,0,0,0,0,0,0,0,0,0,0,0,0,0,0,0,0,0,0,0,0,0,0,0,0,3,5,2,4,4,3,3,3,8,0,30,6,12,4,3,3,5,3,3,6,25,6,14,4,2,3,4,6,30,5,5,0,0,0,0,0,0,0,0,0,0,0,0,0,0,0,0,0,0,0,0,0,0,0,0,0,0,0,0,0,0,0,0,0,0,0,0,0,0,0,0,0,0,0,0,0,0,0,0,0,0,0,0,0,0,0,0,0,0,0,0,0,0,0,2,2,1,1,1,0,0,2,1,1,1,2,2,1,1,0,0,2,1,1,2,2,0,0,0,2,2,2,1,0,2,2,1,0,0,2,2,1,0,2,0,0,0,0,0,0,2,0,0,3,3,0,0,0,0,0,0,2,0,0,0,30,0,0,0,0,0,2,6,12,2,2,1,1,2,0,2,1,0,0,0,2,0,2,2,1,0,0,2,0,0,2,2,1,0,2,2,0,2,2,1,0,2,1,0,2,0,0,0,0,0,0,0,0,0,3,3,0,0,25,0,0,0,0,0,2,6,14,2,0,0,0,2,2,0,2,1,1,0,0,2,1,1,1,0,0,2,1,1,0,2,0,1,0,0,2,0,0,3,0,2,0,0,0,30,0,0,0,0,2,5,5,0,0,0,0,0,0,0,0,0,0,0,0,0,0,0,0,0,0,0,0,0,0,0,0,0,0,0,0,0,0,0,0,0,0,0,0,0,0,0,0,0,0,0,0,0,0,0,0,0,0,0,0,0,0,0,0,0,0,0,0,0,0,0,0,0,0,0,0,0,0,0,0,0,0,0,0,0,0,0,0,0,0,0,0,0,0,0,0,0,0,0,0,0,0,0,0,0,0,0,0,0,0,0,0,0,0,0,0,0,0,0,0,0,0,0,0,0,0,0,0,0,0,0,0,0,0,0,0,0,0,0,0,0,0,0,0,0,0,0,0,0,0,0,0,0,0,0,0,0,0,0,0,0,0,0,0,0,0,0,0,0,0,0,0,0,0,0,0,0,0,0,0,0,0,0,0,0,0,0,0,0,0,0,0,0,0,0,0,0,0,0,0,0,0,0,0,0,0,0,0,0,0,0,0,0,0,0,0,0,0,0,0,0,0,0,0,0,0,0,0,0,0,0,0,0,0,0,0,0,0,0,0,0,0,0,0,0,0,0,0,0,0,0,0,0,0,0,0,0,0,0,0,0,0,0,0,0,0,0,0,0,0,0,0,0,0,0,0,0,0,0,0,0,0,0,0,0,0,0,0,0,0,0,0,0,0,0,0,0,0,0,0,0,0,0,0,0,0,0,0,0,0,0,0,0,0,0,0,0,0,0,0,0,0,0,0,0,0,0,0,0,0,0,0,0,0,0,0,0
student8,0,0,0,0,0,0,0,0,0,0,0,0,0,0,0,0,0,0,0,0,0,0,0,0,0,0,0,0,0,0,0,0,0,0,0,0,0,0,0,0,0,0,0,0,0,0,0,0,0,0,0,0,0,0,0,0,0,0,0,0,0,0,0,0,0,0,0,0,0,0,0,0,0,0,0,0,0,0,0,0,0,0,0,0,0,0,0,0,0,0,0,0,0,0,0,0,0,0,0,0,0,0,0,0,21,0,131,214,74,0,0,69,130,70,52,0,36,0,93,113,27,26,0,3,0,0,0,0,0,0,0,0,0,3,0,0,0,0,0,59,70,142,85,48,0,0,0,0,68,46,0,0,0,4,117,50,104,74,6,13,105,79,67,146,78,0,0,49,0,60,70,60,0,0,0,0,45,56,0,0,0,64,0,49,59,0,0,27,26,141,1,58,32,0,4,92,84,12,0,0,0,0,38,23,0,40,0,0,0,44,79,52,64,26,0,0,0,0,0,0,0,0,0,54,52,5,5,3,3,6,4,4,4,8,0,30,4,11,6,3,4,5,4,2,7,30,11,13,4,2,5,4,7,58,10,5,5,4,3,5,8,0,0,0,0,0,0,0,0,0,0,0,0,0,0,0,0,0,0,0,0,0,0,0,0,0,0,0,0,0,0,0,0,0,0,0,0,0,0,0,0,0,0,0,0,0,0,0,0,0,0,0,0,0,0,0,0,0,0,2,2,1,1,1,2,0,2,1,1,1,2,2,1,1,1,0,2,1,0,2,2,1,0,1,2,2,2,1,1,2,2,1,0,1,2,2,1,1,2,0,0,0,0,0,0,0,2,3,0,3,0,0,0,0,0,0,0,0,0,0,0,30,0,0,0,0,2,4,11,2,2,1,1,2,2,2,0,0,1,0,2,0,2,2,0,1,1,2,0,0,2,2,1,0,0,2,2,2,2,1,1,2,1,1,0,0,0,0,1,0,2,0,2,2,0,0,0,0,30,0,0,0,0,0,2,11,13,2,0,1,1,0,2,0,2,0,1,1,0,2,1,1,0,0,3,2,1,1,0,2,0,1,0,1,0,0,2,3,0,2,0,0,0,0,30,28,0,0,2,10,5,2,1,1,0,0,0,3,2,1,0,1,0,2,0,2,2,1,0,2,2,1,1,0,3,1,1,0,1,2,0,0,0,3,0,0,0,0,0,0,0,0,0,0,0,0,0,0,0,0,0,0,0,0,0,0,0,0,0,0,0,0,0,0,0,0,0,0,0,0,0,0,0,0,0,0,0,0,0,0,0,0,0,0,0,0,0,0,0,0,0,0,0,0,0,0,0,0,0,0,0,0,0,0,0,0,0,0,0,0,0,0,0,0,0,0,0,0,0,0,0,0,0,0,0,0,0,0,0,0,0,0,0,0,0,0,0,0,0,0,0,0,0,0,0,0,0,0,0,0,0,0,0,0,0,0,0,0,0,0,0,0,0,0,0,0,0,0,0,0,0,0,0,0,0,0,0,0,0,0,0,0,0,0,0,0,0,0,0,0,0,0,0,0,0,0,0,0,0,0,0,0,0,0,0,0,0,0,0,0,0,0,0,0,0,0,0,0,0,0,0,0,0,0,0,0,0,0,0,0,0,0,0,0,0,0,0,0,0,0,0,0,0,0,0,0,0,0,0,0,0,0,0,0,0,0,0,0,0,0,0,0,0,0,0,0,0,0,0,0,0,0,0,0,0,0,0,0,0,0,0,0,0,0,0,0,0,0,0,0,0,0,0,0,0,0,0,0,0,0,0,0,0,0,0,0,0,0,0,0,0,0,0,0,0,0,0,0,0,0,0,0,0,0,0,0,0,0,0,0
student9,0,0,0,0,0,0,0,0,0,0,0,0,0,0,0,0,0,0,0,0,0,0,0,0,0,0,0,0,0,0,0,0,0,0,0,0,0,0,0,0,0,0,0,0,0,0,0,0,0,0,0,0,0,0,0,0,0,0,0,0,0,0,0,0,0,0,0,0,0,0,0,0,0,0,0,0,0,0,0,0,0,0,0,0,0,0,0,0,0,0,0,0,0,0,0,0,0,0,0,0,0,0,0,0,21,45,73,85,64,0,0,62,72,84,66,0,0,16,74,122,11,0,0,0,0,0,0,0,0,0,0,0,31,18,40,0,0,0,7,15,38,28,61,39,0,0,0,76,24,0,0,0,0,13,65,52,52,64,0,0,57,32,15,50,17,0,7,60,63,46,54,55,0,0,0,0,56,52,42,0,0,52,0,18,42,21,0,0,0,53,0,34,57,0,0,76,120,52,3,0,0,0,0,75,0,34,0,0,0,39,59,44,54,44,0,0,0,0,0,0,0,0,0,43,41,5,5,2,3,5,4,3,4,8,0,25,14,10,6,4,3,5,3,3,6,25,8,12,4,2,5,4,8,55,10,15,5,4,3,5,8,0,0,0,0,0,0,0,0,0,0,0,0,0,0,0,0,0,0,0,0,0,0,0,0,0,0,0,0,0,0,0,0,0,0,0,0,0,0,0,0,0,0,0,0,0,0,0,0,0,0,0,0,0,0,0,0,0,0,2,2,1,1,1,2,0,2,1,1,1,2,2,1,1,0,0,2,1,0,2,2,1,0,0,2,2,2,1,1,2,2,1,0,0,2,2,1,1,2,0,0,0,1,0,2,0,2,0,0,3,0,0,0,0,0,0,0,0,0,0,25,0,0,0,0,0,2,14,10,2,2,1,1,2,2,2,1,0,1,0,2,0,2,2,1,1,1,0,0,0,2,2,1,0,2,2,0,2,2,1,0,2,1,0,2,1,1,0,1,0,0,0,0,0,3,0,0,0,25,0,0,0,0,0,0,8,12,2,0,1,1,0,2,0,2,0,1,1,0,2,1,1,0,0,3,2,1,1,0,2,0,1,1,1,0,2,0,3,0,2,0,0,30,0,25,0,0,0,0,10,15,2,1,1,1,0,2,0,2,1,1,0,0,2,0,2,2,1,0,2,2,1,1,0,3,1,1,0,1,2,0,0,0,3,0,0,0,0,0,0,0,0,0,0,0,0,0,0,0,0,0,0,0,0,0,0,0,0,0,0,0,0,0,0,0,0,0,0,0,0,0,0,0,0,0,0,0,0,0,0,0,0,0,0,0,0,0,0,0,0,0,0,0,0,0,0,0,0,0,0,0,0,0,0,0,0,0,0,0,0,0,0,0,0,0,0,0,0,0,0,0,0,0,0,0,0,0,0,0,0,0,0,0,0,0,0,0,0,0,0,0,0,0,0,0,0,0,0,0,0,0,0,0,0,0,0,0,0,0,0,0,0,0,0,0,0,0,0,0,0,0,0,0,0,0,0,0,0,0,0,0,0,0,0,0,0,0,0,0,0,0,0,0,0,0,0,0,0,0,0,0,0,0,0,0,0,0,0,0,0,0,0,0,0,0,0,0,0,0,0,0,0,0,0,0,0,0,0,0,0,0,0,0,0,0,0,0,0,0,0,0,0,0,0,0,0,0,0,0,0,0,0,0,0,0,0,0,0,0,0,0,0,0,0,0,0,0,0,0,0,0,0,0,0,0,0,0,0,0,0,0,0,0,0,0,0,0,0,0,0,0,0,0,0,0,0,0,0,0,0,0,0,0,0,0,0,0,0,0,0,0,0,0,0,0,0,0,0,0,0,0,0,0,0,0,0,0,0,0,0
student10,0,0,0,0,0,0,0,0,0,0,0,0,0,0,0,0,0,0,0,0,0,0,0,0,0,0,0,0,0,0,0,0,0,0,0,0,0,0,0,0,0,0,0,0,0,0,0,0,0,0,0,0,0,0,0,0,0,0,0,0,0,0,0,0,0,0,0,0,0,0,0,0,0,0,0,0,0,0,0,0,0,0,0,0,0,0,0,0,0,0,0,0,0,0,0,0,0,0,0,0,0,0,0,0,22,33,64,48,48,0,0,37,71,34,20,78,0,27,32,37,0,34,0,0,0,0,0,0,0,0,0,0,3,0,0,0,0,0,0,50,43,4,56,51,0,0,0,29,18,0,57,0,0,0,41,52,49,34,0,0,5,28,19,36,102,0,0,14,22,25,29,60,0,0,0,0,33,37,15,0,0,41,0,10,59,9,0,17,15,41,0,14,31,0,0,17,33,31,2,0,0,0,25,40,0,0,0,0,0,24,20,35,27,9,0,0,0,0,0,0,0,0,0,12,73,5,4,2,4,5,3,3,3,8,0,20,8,14,4,4,3,5,4,3,6,0,15,15,4,2,4,4,7,25,9,15,5,4,3,4,7,0,0,0,0,0,0,0,0,0,0,0,0,0,0,0,0,0,0,0,0,0,0,0,0,0,0,0,0,0,0,0,0,0,0,0,0,0,0,0,0,0,0,0,0,0,0,0,0,0,0,0,0,0,0,0,0,0,0,2,2,1,1,1,2,0,2,1,1,0,2,2,1,1,0,0,2,1,1,2,2,1,1,1,0,2,2,1,0,2,2,1,0,0,2,2,1,0,2,0,0,0,0,2,2,2,2,0,0,0,0,0,0,0,0,0,0,0,0,0,20,0,0,0,0,0,2,8,14,2,2,1,1,2,0,2,0,0,0,0,2,2,2,2,1,0,0,2,0,0,2,2,1,0,2,2,0,2,2,1,1,2,1,0,2,0,0,0,0,0,0,0,0,0,3,3,0,0,0,0,0,0,0,0,2,15,15,2,1,0,0,0,0,3,2,0,1,1,0,2,1,0,0,0,3,2,1,1,0,2,0,1,0,1,2,0,0,3,0,0,0,0,0,0,0,0,0,25,2,9,15,2,1,0,1,0,0,3,2,1,0,0,0,0,3,2,2,1,0,2,2,1,0,0,3,1,1,0,0,0,0,2,0,3,0,0,0,0,0,0,0,0,0,0,0,0,0,0,0,0,0,0,0,0,0,0,0,0,0,0,0,0,0,0,0,0,0,0,0,0,0,0,0,0,0,0,0,0,0,0,0,0,0,0,0,0,0,0,0,0,0,0,0,0,0,0,0,0,0,0,0,0,0,0,0,0,0,0,0,0,0,0,0,0,0,0,0,0,0,0,0,0,0,0,0,0,0,0,0,0,0,0,0,0,0,0,0,0,0,0,0,0,0,0,0,0,0,0,0,0,0,0,0,0,0,0,0,0,0,0,0,0,0,0,0,0,0,0,0,0,0,0,0,0,0,0,0,0,0,0,0,0,0,0,0,0,0,0,0,0,0,0,0,0,0,0,0,0,0,0,0,0,0,0,0,0,0,0,0,0,0,0,0,0,0,0,0,0,0,0,0,0,0,0,0,0,0,0,0,0,0,0,0,0,0,0,0,0,0,0,0,0,0,0,0,0,0,0,0,0,0,0,0,0,0,0,0,0,0,0,0,0,0,0,0,0,0,0,0,0,0,0,0,0,0,0,0,0,0,0,0,0,0,0,0,0,0,0,0,0,0,0,0,0,0,0,0,0,0,0,0,0,0,0,0,0,0,0,0,0,0,0,0,0,0,0,0,0,0,0,0,0,0,0,0,0,0,0,0,0
student11,0,0,0,0,0,0,0,0,41,66,58,0,0,0,58,52,49,75,0,0,67,64,69,64,80,0,0,0,73,77,92,95,0,0,55,76,58,138,233,0,0,86,76,41,60,0,0,0,0,79,73,85,83,0,0,81,79,87,79,0,0,0,0,78,34,48,50,0,0,61,63,51,47,53,0,0,61,69,62,50,58,0,0,0,70,28,52,0,0,0,121,62,0,0,0,0,0,42,57,25,0,0,0,0,0,0,0,0,0,0,0,0,0,0,0,0,0,0,0,0,0,0,0,0,0,0,0,0,0,0,0,0,0,0,0,0,0,0,0,0,0,0,0,0,0,0,0,0,0,0,0,0,0,0,0,0,0,0,0,0,0,0,0,0,0,0,0,0,0,0,0,0,0,0,0,0,0,0,0,0,0,0,0,24,0,0,0,0,0,0,0,33,8,0,0,0,0,0,0,0,0,0,0,59,0,49,0,0,0,0,69,61,65,5,0,0,0,0,0,0,0,0,0,0,70,7,5,5,4,7,4,5,4,24,4,0,9,6,6,8,7,6,4,4,6,0,3,13,4,4,5,5,9,0,5,7,5,4,1,0,4,0,0,0,0,0,0,0,0,0,0,0,0,0,0,0,0,0,0,0,0,0,0,0,0,0,0,0,0,0,0,0,0,0,0,0,0,0,0,0,0,0,0,0,0,0,0,0,0,0,0,0,0,0,0,0,0,0,0,2,2,1,1,1,2,2,2,1,1,1,2,2,1,1,1,2,2,1,1,2,2,1,1,1,2,2,2,1,1,2,2,1,1,1,2,2,1,1,2,1,1,1,1,2,2,2,2,3,3,3,3,0,4,0,0,0,0,0,0,0,0,0,0,0,0,0,0,9,6,2,2,1,1,2,2,2,1,1,1,1,2,2,2,2,1,1,1,2,2,0,2,2,1,1,2,0,2,2,2,1,1,2,1,1,2,1,1,1,1,0,0,0,0,2,0,0,0,0,0,0,0,0,0,0,2,3,13,2,0,1,0,0,0,3,2,1,0,1,2,2,1,1,1,2,0,2,1,1,1,2,0,1,1,1,0,0,0,3,3,2,0,0,0,0,0,0,0,0,0,5,7,2,1,1,1,2,0,0,2,0,0,0,2,2,0,2,2,1,0,0,2,0,0,0,0,1,1,0,0,2,0,0,0,0,0,0,0,0,0,0,0,0,0,0,0,0,0,0,0,0,0,0,0,0,0,0,0,0,0,0,0,0,0,0,0,0,0,0,0,0,0,0,0,0,0,0,0,0,0,0,0,0,0,0,0,0,0,0,0,0,0,0,0,0,0,0,0,0,0,0,0,0,0,0,0,0,0,0,0,0,0,0,0,0,0,0,0,0,0,0,0,0,0,0,0,0,0,0,0,0,0,0,0,0,0,0,0,0,0,0,0,0,0,0,0,0,0,0,0,0,0,0,0,0,0,0,0,0,0,0,0,0,0,0,0,0,0,0,0,0,0,0,0,0,0,0,0,0,0,0,0,0,0,0,0,0,0,0,0,0,0,0,0,0,0,0,0,0,0,0,0,0,0,0,0,0,0,0,0,0,0,0,0,0,0,0,0,0,0,0,0,0,0,0,0,0,0,0,0,0,0,0,0,0,0,0,0,0,0,0,0,0,0,0,0,0,0,0,0,0,0,0,0,0,0,0,0,0,0,0,0,0,0,0,0,0,0,0,0,0,0,0,0,0,0,0,0,0,0,0,0,0,0,0,0,0,0,0,0,0,0,0,0,0,0,0,0,0,0,0,0,0,0,0,0,0,0,0,0,0,0,0,0,0,0,0,0,0,0,0,0,0,0,0,0,0,0,0,0,0
student12,0,0,0,0,0,0,0,0,36,69,61,0,0,0,37,50,36,60,0,0,49,43,0,54,0,0,0,0,37,10,0,0,0,0,0,1,0,25,0,0,0,0,18,27,60,0,0,0,0,40,11,0,1,0,0,42,1,0,18,0,0,0,0,0,2,0,0,0,0,30,11,0,55,47,0,0,0,0,0,0,0,0,0,0,3,0,40,0,0,0,47,69,0,0,0,0,0,65,27,0,113,218,0,0,0,0,0,0,0,0,0,1,0,0,0,0,0,0,0,0,0,0,0,0,0,0,0,0,0,0,0,0,0,0,0,0,0,0,0,0,0,0,0,0,0,0,0,0,0,0,0,0,0,0,0,0,0,0,0,0,0,0,0,0,0,0,0,0,0,0,0,0,0,0,0,0,0,0,0,0,0,0,0,0,0,0,0,0,0,0,0,0,0,0,0,0,0,0,0,0,0,0,30,50,0,0,0,0,0,29,13,21,24,0,0,0,0,0,0,0,0,0,0,8,3,5,5,5,4,5,4,5,4,8,0,0,0,1,3,2,3,4,3,3,6,0,0,11,4,2,3,2,7,0,0,0,5,1,3,0,0,0,0,0,0,0,0,0,0,0,0,0,0,0,0,0,0,0,0,0,0,0,0,0,0,0,0,0,0,0,0,0,0,0,0,0,0,0,0,0,0,0,0,0,0,0,0,0,0,0,0,0,0,0,0,0,0,0,0,2,2,1,1,1,2,0,2,1,1,1,2,2,1,1,1,2,2,1,1,2,2,1,1,1,2,0,2,1,1,2,2,1,1,1,2,2,1,1,2,1,1,1,1,2,0,0,2,0,0,0,0,0,0,0,0,0,2,0,0,0,0,0,0,0,0,0,0,0,1,2,2,1,0,0,2,2,0,0,0,0,2,0,2,2,1,0,0,2,0,0,2,2,1,1,0,2,0,2,2,0,1,2,0,1,2,1,0,0,1,0,2,0,0,2,0,0,0,0,0,0,0,0,0,0,2,0,11,2,0,1,0,0,0,3,2,1,0,1,0,2,1,0,0,2,0,2,1,1,0,0,0,0,0,1,0,0,0,3,3,2,0,0,0,0,0,0,0,0,0,0,0,2,1,0,1,0,0,3,2,1,0,0,0,0,0,2,2,1,0,2,2,0,0,0,0,0,0,0,0,0,0,0,0,0,0,0,0,0,0,0,0,0,0,0,0,0,0,0,0,0,0,0,0,0,0,0,0,0,0,0,0,0,0,0,0,0,0,0,0,0,0,0,0,0,0,0,0,0,0,0,0,0,0,0,0,0,0,0,0,0,0,0,0,0,0,0,0,0,0,0,0,0,0,0,0,0,0,0,0,0,0,0,0,0,0,0,0,0,0,0,0,0,0,0,0,0,0,0,0,0,0,0,0,0,0,0,0,0,0,0,0,0,0,0,0,0,0,0,0,0,0,0,0,0,0,0,0,0,0,0,0,0,0,0,0,0,0,0,0,0,0,0,0,0,0,0,0,0,0,0,0,0,0,0,0,0,0,0,0,0,0,0,0,0,0,0,0,0,0,0,0,0,0,0,0,0,0,0,0,0,0,0,0,0,0,0,0,0,0,0,0,0,0,0,0,0,0,0,0,0,0,0,0,0,0,0,0,0,0,0,0,0,0,0,0,0,0,0,0,0,0,0,0,0,0,0,0,0,0,0,0,0,0,0,0,0,0,0,0,0,0,0,0,0,0,0,0,0,0,0,0,0,0,0,0,0,0,0,0,0,0,0,0,0,0,0,0,0,0,0,0,0,0,0,0,0,0,0,0,0,0,0,0,0,0,0,0,0,0,0,0,0,0,0,0,0,0,0,0,0
student13,0,0,0,0,0,0,0,0,21,40,61,0,0,0,63,48,35,57,0,0,36,28,28,42,58,0,0,65,56,36,73,21,0,0,16,21,54,52,13,0,0,72,64,49,31,0,0,0,0,67,31,2,7,0,0,53,18,28,0,0,0,0,0,58,1,31,0,0,0,29,25,0,0,7,0,0,0,0,0,0,14,0,0,0,28,3,32,0,0,0,69,69,0,0,0,0,0,7,37,1,0,0,0,0,0,0,0,0,0,0,0,0,0,0,0,0,0,0,0,0,0,0,0,0,0,0,0,0,0,0,0,0,0,0,0,0,0,0,0,0,0,0,0,0,0,0,0,0,0,0,0,0,0,0,0,0,0,0,0,0,0,0,0,0,0,0,0,0,0,0,0,0,0,0,0,0,0,0,0,0,0,0,0,0,0,0,0,0,0,0,0,0,0,0,0,0,0,0,0,0,0,0,21,50,0,39,0,0,0,4,35,0,0,32,0,0,0,0,0,0,0,0,0,0,19,5,5,5,4,5,4,5,4,10,0,0,9,10,6,8,3,6,3,3,6,0,6,13,4,2,3,4,7,0,5,11,5,4,3,5,1,0,0,0,0,0,0,0,0,0,0,0,0,0,0,0,0,0,0,0,0,0,0,0,0,0,0,0,0,0,0,0,0,0,0,0,0,0,0,0,0,0,0,0,0,0,0,0,0,0,0,0,0,0,0,0,0,0,0,2,2,1,1,1,2,0,2,1,1,1,2,2,1,1,1,2,2,1,1,2,2,1,1,1,2,0,2,1,1,2,2,1,1,1,2,2,1,1,2,0,1,0,1,2,0,0,0,0,3,3,0,0,0,0,0,0,0,0,0,0,0,0,0,0,0,0,0,9,10,2,2,1,1,2,2,2,1,1,1,1,2,2,2,2,1,0,0,2,0,0,2,2,1,1,2,0,2,2,2,1,0,2,0,1,2,1,0,0,1,0,2,0,0,2,0,0,0,0,0,0,0,0,0,0,2,6,13,2,0,1,0,0,0,3,2,1,0,1,0,2,1,0,0,2,0,2,1,1,0,2,0,0,0,1,0,0,0,3,3,2,0,0,0,0,0,0,0,0,0,5,11,2,1,1,1,0,2,0,2,1,1,0,0,2,0,2,2,1,0,2,2,1,1,0,3,1,0,0,0,0,0,0,0,0,0,0,0,0,0,0,0,0,0,0,0,0,0,0,0,0,0,0,0,0,0,0,0,0,0,0,0,0,0,0,0,0,0,0,0,0,0,0,0,0,0,0,0,0,0,0,0,0,0,0,0,0,0,0,0,0,0,0,0,0,0,0,0,0,0,0,0,0,0,0,0,0,0,0,0,0,0,0,0,0,0,0,0,0,0,0,0,0,0,0,0,0,0,0,0,0,0,0,0,0,0,0,0,0,0,0,0,0,0,0,0,0,0,0,0,0,0,0,0,0,0,0,0,0,0,0,0,0,0,0,0,0,0,0,0,0,0,0,0,0,0,0,0,0,0,0,0,0,0,0,0,0,0,0,0,0,0,0,0,0,0,0,0,0,0,0,0,0,0,0,0,0,0,0,0,0,0,0,0,0,0,0,0,0,0,0,0,0,0,0,0,0,0,0,0,0,0,0,0,0,0,0,0,0,0,0,0,0,0,0,0,0,0,0,0,0,0,0,0,0,0,0,0,0,0,0,0,0,0,0,0,0,0,0,0,0,0,0,0,0,0,0,0,0,0,0,0,0,0,0,0,0,0,0,0,0,0,0,0,0,0,0,0,0,0,0,0,0,0,0,0,0,0,0,0,0,0,0,0,0,0,0,0,0,0,0,0,0,0,0,0,0,0,0,0,0
student14,0,0,0,0,0,0,0,0,38,69,70,0,0,0,64,88,62,61,0,0,71,22,70,73,82,0,0,65,70,55,61,25,0,0,72,61,52,44,14,0,0,66,60,66,72,0,0,0,0,105,68,65,29,0,0,66,34,41,10,0,0,0,0,31,11,11,32,0,0,26,34,0,12,28,0,0,0,0,23,12,47,0,0,0,53,38,59,0,0,0,40,0,0,0,0,0,0,34,44,5,7,2,0,0,0,0,0,0,0,0,0,0,0,0,0,0,0,0,0,0,0,0,0,0,0,0,0,0,0,0,0,0,0,0,0,0,0,0,0,0,0,0,0,0,0,0,0,0,0,0,0,0,0,0,0,0,0,0,0,0,0,0,0,0,0,0,0,0,0,0,0,0,0,0,0,0,0,0,0,0,0,0,0,0,0,0,0,0,0,0,0,0,0,0,0,0,0,0,0,0,0,0,10,62,0,46,0,0,0,54,33,45,60,23,0,0,0,0,0,0,0,0,0,0,1,5,5,5,4,5,4,5,4,10,4,0,3,12,3,3,3,4,3,3,6,0,10,11,4,2,3,2,7,0,4,15,5,4,3,4,0,0,0,0,0,0,0,0,0,0,0,0,0,0,0,0,0,0,0,0,0,0,0,0,0,0,0,0,0,0,0,0,0,0,0,0,0,0,0,0,0,0,0,0,0,0,0,0,0,0,0,0,0,0,0,0,0,0,0,2,2,1,1,1,2,0,2,1,1,1,2,2,1,1,1,2,2,1,1,2,2,1,0,0,2,2,2,1,1,2,2,1,1,1,2,2,1,1,2,1,1,1,1,2,2,0,2,0,0,0,0,0,4,0,0,0,0,0,0,0,0,0,0,0,0,0,2,3,12,2,2,1,0,0,2,2,0,0,1,0,2,0,2,2,0,0,1,2,0,0,2,2,1,1,0,2,0,2,2,1,0,2,0,1,2,1,0,0,1,0,2,0,0,2,0,0,0,0,0,0,0,0,0,0,0,10,11,2,0,1,0,0,0,3,2,1,0,1,0,2,1,0,0,2,0,2,1,1,0,0,0,0,0,1,0,0,0,3,3,0,0,0,0,0,0,0,0,0,0,4,15,2,0,0,0,0,2,3,2,1,0,0,0,0,3,2,2,1,0,2,2,1,0,0,3,0,0,0,0,0,0,0,0,0,0,0,0,0,0,0,0,0,0,0,0,0,0,0,0,0,0,0,0,0,0,0,0,0,0,0,0,0,0,0,0,0,0,0,0,0,0,0,0,0,0,0,0,0,0,0,0,0,0,0,0,0,0,0,0,0,0,0,0,0,0,0,0,0,0,0,0,0,0,0,0,0,0,0,0,0,0,0,0,0,0,0,0,0,0,0,0,0,0,0,0,0,0,0,0,0,0,0,0,0,0,0,0,0,0,0,0,0,0,0,0,0,0,0,0,0,0,0,0,0,0,0,0,0,0,0,0,0,0,0,0,0,0,0,0,0,0,0,0,0,0,0,0,0,0,0,0,0,0,0,0,0,0,0,0,0,0,0,0,0,0,0,0,0,0,0,0,0,0,0,0,0,0,0,0,0,0,0,0,0,0,0,0,0,0,0,0,0,0,0,0,0,0,0,0,0,0,0,0,0,0,0,0,0,0,0,0,0,0,0,0,0,0,0,0,0,0,0,0,0,0,0,0,0,0,0,0,0,0,0,0,0,0,0,0,0,0,0,0,0,0,0,0,0,0,0,0,0,0,0,0,0,0,0,0,0,0,0,0,0,0,0,0,0,0,0,0,0,0,0,0,0,0,0,0,0,0,0,0,0,0,0,0,0,0,0,0,0,0,0,0,0,0,0,0,0
student15,0,0,0,0,0,0,0,0,20,58,52,0,0,0,59,40,55,64,0,0,53,0,67,63,72,0,0,0,0,62,66,43,0,0,45,66,68,38,68,0,0,11,59,63,50,0,0,0,0,52,22,19,47,0,0,62,12,45,37,0,0,0,0,30,13,18,40,0,0,34,20,17,39,43,0,0,39,41,26,11,50,0,0,0,37,17,34,20,0,0,36,56,0,0,0,0,0,54,54,6,49,155,0,0,0,0,0,0,0,0,0,0,0,0,0,0,0,0,0,0,0,0,0,0,0,0,0,0,0,0,0,0,0,0,0,9,0,0,0,0,0,0,0,0,0,0,0,0,0,0,0,0,0,0,0,0,0,0,0,0,0,0,0,0,0,0,0,0,0,0,0,0,0,0,0,0,0,0,0,0,0,0,0,0,4,0,0,0,0,0,0,0,0,0,0,0,0,0,0,0,0,0,0,67,0,33,0,0,0,58,65,21,52,29,0,0,0,0,0,0,0,0,0,0,0,5,5,2,3,5,3,3,3,6,0,0,9,11,3,3,3,6,3,3,3,0,6,6,4,2,3,4,8,0,8,11,6,4,3,4,0,0,0,0,0,0,0,0,0,0,0,0,0,0,0,0,0,0,0,0,0,0,0,0,0,0,0,0,0,0,0,0,0,0,0,0,0,0,0,0,0,0,0,0,0,0,0,0,0,0,0,0,0,0,0,0,0,0,0,2,2,1,1,1,2,0,2,1,1,1,2,2,0,0,0,2,2,1,0,2,2,0,1,0,2,2,2,0,1,2,2,1,0,0,2,2,1,0,2,0,0,1,1,2,0,0,2,0,0,0,0,0,0,0,0,0,0,0,0,0,0,0,0,0,0,0,0,9,11,2,2,1,0,0,2,2,1,0,0,0,2,0,2,2,0,0,1,2,0,0,2,2,1,1,2,2,0,2,2,1,0,2,0,1,2,0,0,0,1,0,0,0,0,2,0,0,0,0,0,0,0,0,0,0,0,6,6,2,0,1,0,0,0,3,2,1,0,1,0,2,1,0,0,2,0,2,1,1,0,2,0,1,0,1,0,0,0,3,3,0,0,0,0,0,0,0,0,0,0,8,11,2,1,0,0,2,0,3,2,1,0,0,0,0,3,2,2,1,0,2,2,1,0,0,3,0,0,0,0,0,0,0,0,0,0,0,0,0,0,0,0,0,0,0,0,0,0,0,0,0,0,0,0,0,0,0,0,0,0,0,0,0,0,0,0,0,0,0,0,0,0,0,0,0,0,0,0,0,0,0,0,0,0,0,0,0,0,0,0,0,0,0,0,0,0,0,0,0,0,0,0,0,0,0,0,0,0,0,0,0,0,0,0,0,0,0,0,0,0,0,0,0,0,0,0,0,0,0,0,0,0,0,0,0,0,0,0,0,0,0,0,0,0,0,0,0,0,0,0,0,0,0,0,0,0,0,0,0,0,0,0,0,0,0,0,0,0,0,0,0,0,0,0,0,0,0,0,0,0,0,0,0,0,0,0,0,0,0,0,0,0,0,0,0,0,0,0,0,0,0,0,0,0,0,0,0,0,0,0,0,0,0,0,0,0,0,0,0,0,0,0,0,0,0,0,0,0,0,0,0,0,0,0,0,0,0,0,0,0,0,0,0,0,0,0,0,0,0,0,0,0,0,0,0,0,0,0,0,0,0,0,0,0,0,0,0,0,0,0,0,0,0,0,0,0,0,0,0,0,0,0,0,0,0,0,0,0,0,0,0,0,0,0,0,0,0,0,0,0,0,0,0,0,0,0,0,0,0,0,0,0,0,0,0,0,0,0,0,0,0,0,0,0,0,0,0,0,0,0,0
student16,0,0,0,0,0,0,0,0,39,52,0,0,0,0,64,50,59,75,0,0,74,71,66,63,78,0,0,0,67,48,76,62,0,0,54,71,84,22,65,0,0,71,21,34,64,0,0,0,0,43,60,69,0,0,0,30,34,0,42,0,0,0,0,27,18,25,61,0,0,16,45,6,14,36,0,0,20,0,9,0,20,0,0,0,28,48,27,0,0,0,28,57,0,0,0,0,0,94,56,0,69,163,0,0,0,0,0,0,0,0,0,0,0,0,0,0,0,0,0,0,0,0,0,0,0,0,0,0,0,0,0,0,0,0,0,0,0,0,0,0,0,0,0,0,0,0,0,0,0,0,0,0,0,0,0,0,2,0,0,0,0,0,0,0,0,0,0,0,0,0,0,0,0,0,0,0,0,0,0,0,0,0,0,0,0,0,0,0,0,0,0,0,0,0,0,0,0,0,0,0,0,0,35,60,0,51,0,0,0,28,28,30,43,8,0,0,0,0,0,0,0,0,0,6,23,5,5,2,4,5,4,3,4,8,4,0,10,8,3,3,3,6,3,3,6,0,10,13,4,2,3,4,7,0,4,5,6,4,3,4,0,0,0,0,0,0,0,0,0,0,0,0,0,0,0,0,0,0,0,0,0,0,0,0,0,0,0,0,0,0,0,0,0,0,0,0,0,0,0,0,0,0,0,0,0,0,0,0,0,0,0,0,0,0,0,0,0,0,0,2,2,1,1,1,2,0,2,1,1,1,2,2,1,1,0,0,2,1,1,2,2,1,1,1,2,0,2,1,1,2,2,1,1,1,0,2,1,1,2,1,1,1,1,2,0,0,2,0,0,0,0,0,4,0,0,0,0,0,0,0,0,0,0,0,0,0,0,10,8,2,2,1,0,0,2,2,0,0,1,0,2,0,2,2,0,0,1,2,0,0,2,2,1,1,2,2,0,2,2,0,1,2,0,1,2,1,0,0,1,0,2,0,0,2,0,0,0,0,0,0,0,0,0,0,2,10,13,2,0,1,0,0,0,3,2,1,0,1,0,2,1,0,0,2,0,2,1,1,0,2,0,0,0,1,0,0,0,3,3,2,0,0,0,0,0,0,0,0,0,4,5,2,0,0,1,2,0,3,2,1,0,0,0,0,3,2,2,1,0,2,2,1,0,0,3,0,0,0,0,0,0,0,0,0,0,0,0,0,0,0,0,0,0,0,0,0,0,0,0,0,0,0,0,0,0,0,0,0,0,0,0,0,0,0,0,0,0,0,0,0,0,0,0,0,0,0,0,0,0,0,0,0,0,0,0,0,0,0,0,0,0,0,0,0,0,0,0,0,0,0,0,0,0,0,0,0,0,0,0,0,0,0,0,0,0,0,0,0,0,0,0,0,0,0,0,0,0,0,0,0,0,0,0,0,0,0,0,0,0,0,0,0,0,0,0,0,0,0,0,0,0,0,0,0,0,0,0,0,0,0,0,0,0,0,0,0,0,0,0,0,0,0,0,0,0,0,0,0,0,0,0,0,0,0,0,0,0,0,0,0,0,0,0,0,0,0,0,0,0,0,0,0,0,0,0,0,0,0,0,0,0,0,0,0,0,0,0,0,0,0,0,0,0,0,0,0,0,0,0,0,0,0,0,0,0,0,0,0,0,0,0,0,0,0,0,0,0,0,0,0,0,0,0,0,0,0,0,0,0,0,0,0,0,0,0,0,0,0,0,0,0,0,0,0,0,0,0,0,0,0,0,0,0,0,0,0,0,0,0,0,0,0,0,0,0,0,0,0,0,0,0,0,0,0,0,0,0,0,0,0,0,0,0,0,0,0,0,0,0,0,0,0,0,0,0,0,0,0,0,0
student17,0,0,0,0,0,0,0,0,0,53,63,0,0,0,62,51,41,66,0,0,59,60,31,39,93,0,0,19,0,99,114,49,0,0,37,107,48,57,21,0,0,77,72,0,45,0,0,0,0,48,31,61,15,0,4,74,1,32,28,0,0,0,0,0,0,75,13,0,88,39,22,23,0,39,0,0,16,30,5,0,69,0,0,0,43,9,53,0,0,0,0,76,0,0,0,0,0,41,90,0,0,0,0,0,0,0,0,0,0,0,0,0,0,0,0,0,0,0,0,0,0,0,0,0,0,0,0,0,0,0,0,0,0,0,0,0,0,0,0,0,0,0,0,0,0,0,0,0,0,0,0,0,0,0,0,0,0,0,0,0,0,0,0,0,0,0,0,0,0,0,0,0,0,0,0,0,5,0,0,0,0,6,0,0,0,0,0,0,0,4,0,0,0,0,0,0,0,0,0,0,0,0,34,70,0,57,0,0,2,0,57,64,60,0,0,0,0,0,0,0,0,0,0,46,64,7,5,5,4,5,4,5,4,12,0,0,10,12,6,8,3,6,3,3,6,0,5,13,4,2,3,4,7,0,1,12,5,4,3,3,8,0,0,0,0,0,0,0,0,0,0,0,0,0,0,0,0,0,0,0,0,0,0,0,0,0,0,0,0,0,0,0,0,0,0,0,0,0,0,0,0,0,0,0,0,0,0,0,0,0,0,0,0,0,0,0,0,0,0,2,2,1,1,1,2,2,2,1,1,1,2,2,1,1,1,2,2,1,1,2,2,1,1,1,2,0,2,1,1,2,2,1,1,1,2,2,1,1,2,1,1,0,0,2,0,0,2,0,3,3,0,0,0,0,0,0,0,0,0,0,0,0,0,0,0,0,2,10,12,2,2,1,1,2,2,2,1,1,1,1,2,2,2,2,1,0,0,2,0,0,2,2,1,1,2,0,2,2,2,1,0,2,0,1,2,1,0,0,1,0,2,0,0,2,0,0,0,0,0,0,0,0,0,0,2,5,13,2,0,1,0,0,0,3,2,1,0,1,0,2,1,0,0,2,0,2,1,1,0,2,0,0,0,1,0,0,0,3,3,0,0,0,0,0,0,0,0,0,0,1,12,2,1,1,1,0,2,0,2,1,1,0,0,2,0,2,2,1,0,2,2,1,0,2,0,1,1,1,0,2,0,0,0,3,0,0,0,0,0,0,0,0,0,0,0,0,0,0,0,0,0,0,0,0,0,0,0,0,0,0,0,0,0,0,0,0,0,0,0,0,0,0,0,0,0,0,0,0,0,0,0,0,0,0,0,0,0,0,0,0,0,0,0,0,0,0,0,0,0,0,0,0,0,0,0,0,0,0,0,0,0,0,0,0,0,0,0,0,0,0,0,0,0,0,0,0,0,0,0,0,0,0,0,0,0,0,0,0,0,0,0,0,0,0,0,0,0,0,0,0,0,0,0,0,0,0,0,0,0,0,0,0,0,0,0,0,0,0,0,0,0,0,0,0,0,0,0,0,0,0,0,0,0,0,0,0,0,0,0,0,0,0,0,0,0,0,0,0,0,0,0,0,0,0,0,0,0,0,0,0,0,0,0,0,0,0,0,0,0,0,0,0,0,0,0,0,0,0,0,0,0,0,0,0,0,0,0,0,0,0,0,0,0,0,0,0,0,0,0,0,0,0,0,0,0,0,0,0,0,0,0,0,0,0,0,0,0,0,0,0,0,0,0,0,0,0,0,0,0,0,0,0,0,0,0,0,0,0,0,0,0,0,0,0,0,0,0,0,0,0,0,0,0,0,0,0,0,0,0,0,0,0,0,0,0,0,0,0,0,0,0,0,0,0,0,0,0,0,0,0
